10,10,-82.971729,40.077011
25,25,-83.042869,39.989008
50,50,-83.051337,40.051999
51,51,-83.004766,40.021132
70,70,-83.055313,40.052343
75,75,-82.9242,39.941536
90,90,-82.892536,40.122974
95,95,-82.507857,40.762793
100,100,-82.968031,40.000575
101,101,-82.929214,40.016566
115,115,-82.989062,39.963346
125,125,-82.991619,39.942019
150,150,-82.989832,39.962226
155,155,-83.756789,40.256757
165,165,-82.889124,39.956175
175,175,-82.9559,40.10829
250,250,-82.959856,39.948929
275,275,-83.000634,40.062178
300,300,-83.019459,40.045974
325,325,-83,39.97
339,36880,-82.958342,40.056808
344,25330,-83.04291,40.13873
359,40205,-82.87957,39.92589
375,375,-82.961941,39.981926
377,33990,-83.02049,39.993137
380,380,-82.954369,39.937796
385,385,-82.977517,40.082151
390,390,-82.880973,39.976118
391,391,-82.980588,39.964158
395,395,-82.771533,39.78526
400,400,-82.98676,39.955988
401,401,-83.000607,39.957661
406,406,-82.947286,39.602694
412,26655,-82.999872,39.977279
500,500,-82.961941,39.981926
510,510,-82.957296,39.948824
523,523,-83.10252,40.092766
524,524,-81.612349,41.01229
580,24590,-83.075317,39.973891
600,600,-82.980824,39.959322
681,85,-82.9782,40.00687
695,6390,-82.877067,40.018566
697,130,-82.789757,39.928838
750,750,-82.988628,39.963392
757,6490,-82.87728,39.9442
759,5035,-82.996543,39.963344
850,850,-83.45939,39.894781
940,940,-83.001751,40.024922
950,950,-83.055268,40.02716
970,970,-82.908619,40.02198
1000,1000,-82.946425,39.959797
1170,1170,-83.00083,39.96189
1180,1180,-83.016936,39.978688
1185,1185,-83.123634,40.07979
1200,1200,-81.655812,41.505409
1300,1300,-83.076853,40.03573
1350,1350,-83.115632,39.99275
1380,1380,-82.989438,40.043959
1400,1400,-82.973958,39.965047
1450,1450,-83.006126,40.001514
1500,1500,-82.979626,40.046884
1628,1628,-83.13,40.07
1635,1635,-83.162838,40.029125
1675,1675,-83.063106,40.050418
1700,1700,-83.111009,40.030287
1705,1705,-83.06945,39.99586
1900,1900,-83.059198,39.953776
1950,1950,-82.932587,39.970297
2000,2000,-83.063379,39.983221
2010,2010,-83.066205,40.051892
2090,2090,-82.992767,39.969439
2100,2100,-82.7361,39.954063
2900,2900,-83.051302,39.974224
2950,2950,-83.006461,39.986363
3310,3310,-82.843186,39.948922
3315,3315,-82.93031,39.963665
3325,3325,-82.934384,39.956869
3340,3340,-82.942539,39.972589
3360,3360,-83.100235,39.929915
3455,3455,-82.961941,39.981926
3501,3501,-83.019411,40.059661
3550,3550,-82.905001,40.097541
3600,3600,-82.967747,40.086349
3700,3700,-83.015518,39.957913
3701,3701,-82.989131,39.984665
3750,3750,-82.968493,39.960287
3760,3760,-82.996109,39.954
3775,3775,-82.927234,39.956679
4200,4200,-82.9783,39.96515
4225,4225,-83.075144,39.932333
4250,4250,-82.92566,39.94707
4251,4251,-82.92566,39.94707
4400,4400,-82.936197,40.081134
4500,4500,-83.07425,39.848643
4520,4520,-83.07425,39.848643
4600,4600,-82.854003,39.995364
4650,4650,-82.905411,39.935869
4651,4651,-83.080526,39.95491
4685,4685,-83.006147,40.119449
4775,4775,-83.06534,39.98973
4800,4800,-83.06534,39.98973
4803,4803,-83.06534,39.98973
4900,4900,-83.001697,39.966535
5020,5020,-82.969606,39.978339
5030,5030,-83.07415,39.99673
5040,5040,-82.948128,39.993152
5050,5050,-83,39.97
5060,5060,-83.047621,39.996425
5070,5070,-82.89278,40.100635
5071,5071,-81.665043,41.50249
5075,5075,-82.99872,39.960119
5078,5078,-82.992259,39.96285
5090,5090,-82.999785,40.057353
5120,5120,-82.995404,39.964083
5140,5140,-87.633194,41.899534
5145,5145,-82.97609,39.96331
5150,5150,-83.019335,40.079263
5165,5165,-83.010952,40.001924
5200,5200,-82.889723,40.09989
5250,5250,-82.80366,39.841351
5300,5300,-82.968534,39.95799
5400,5400,-83.123788,40.193895
5600,5600,-83.008313,39.984276
5650,5650,-83.009499,39.966692
5700,5700,-83.019165,40.074113
5775,5775,-82.94298,40.10298
5790,5790,-83.064549,40.036539
5800,5800,-83.059876,40.052099
5825,5825,-82.914486,40.013688
5845,5845,-83.042685,40.033497
5850,5850,-83.059284,39.957367
5851,5851,-84.154203,39.736065
5900,5900,-83.079297,39.954431
6025,6025,-82.91193,39.95628
6200,6200,-82.999583,40.052635
6400,6400,-83,39.97
6500,6500,-82.976405,39.950867
6575,6575,-83.043136,40.044599
6580,6580,-82.844774,39.961877
6585,6585,-82.989961,39.963236
6590,6590,-82.989062,39.963346
6600,6600,-82.979302,39.95251
6671,6671,-82.830717,39.980154
6672,6672,-82.948035,40.137663
6673,6673,-83.144238,40.10003
6674,6674,-82.98,39.96
6676,6676,-83.137303,40.033529
6677,6677,-82.869531,40.01878
6690,6690,-83.01119,39.99006
6700,6700,-82.952281,40.055357
6725,6725,-83.082086,40.064188
6750,6750,-82.947371,40.012068
6800,6800,-82.960325,40.018632
7200,7200,-83.016513,39.966427
7300,7300,-82.956326,40.021879
7305,7305,-83.063528,39.979591
7310,7310,-83.11105,39.91242
7325,7325,-82.9783,39.96515
7340,7340,-82.919909,40.078547
7342,7342,-83.134133,40.104566
7344,7344,-83.089777,39.954412
7345,7345,-83.000388,39.959865
7355,7355,-83.006334,39.959825
7360,7360,-82.997227,39.959694
7380,7380,-82.89504,40.098321
7387,7387,-82.93401,39.92569
7400,7400,-83.114858,40.014565
7700,7700,-82.98709,39.92365
7750,7750,-82.961941,39.981926
7800,7800,-83.015354,40.0276
7850,7850,-83.039289,40.056582
7860,7860,-83.00298,39.95762
7880,7880,-82.953683,39.968232
7900,7900,-82.960293,39.966474
8225,8225,-82.92574,40.06188
8331,8331,-82.988491,39.922618
8333,8333,-82.981082,39.960854
8337,8337,-82.8701,39.98264
8341,8341,-82.946902,39.942904
8400,8400,-82.985905,39.965372
8500,8500,-82.993417,39.961157
8501,8501,-82.98756,39.974427
8502,8502,-83.00788,40.018282
8503,8503,-82.910087,40.05151
8504,8504,-83.101304,40.085209
8505,8505,-82.928156,39.897732
8555,8555,-82.98047,39.95127
8650,8650,-83.009052,39.967849
8670,8670,-82.996756,39.968588
8675,8675,-82.96672,39.96613
8700,8700,-83.043024,39.943561
8715,8715,-83.118324,39.939905
8730,8730,-82.985033,39.965213
8740,8740,-83.059275,40.063472
8750,8750,-83.0401,39.99929
8775,8775,-83.09,39.93
8780,8780,-82.981084,39.993868
8840,8840,-83.016886,39.979138
8845,8845,-82.983707,39.958117
8850,8850,-82.937833,40.108888
8870,8870,-82.987078,39.960436
8890,8890,-74.332903,40.668564
8925,8925,-83.031515,39.97007
8930,8930,-83.00334,39.96421
8950,8950,-83,39.97
8960,8960,-82.951616,39.940522
8975,8975,-83.031515,39.97007
9200,9200,-82.914714,40.079928
9280,9280,-82.85303,40.001184
9325,9325,-83.045941,39.974896
9400,9400,-82.935436,39.94461
9450,9450,-83.016899,39.992043
9451,9451,-83.016899,39.992043
9500,9500,-82.992527,39.967418
9525,9525,-82.919553,39.984455
9526,9526,-82.919553,39.984455
9550,9550,-83.162449,40.04672
9601,9601,-82.988491,39.922618
9603,9603,-82.952668,39.967953
9607,9607,-82.8701,39.98264
9700,9700,-82.983211,39.994048
9701,9701,-83.003172,39.977617
9702,9702,-82.90674,39.974567
9704,9704,-82.953095,40.063529
9705,9705,-82.998397,39.879103
9706,9706,-82.971032,39.965927
9707,9707,-82.963255,40.012496
9708,9708,-82.976402,39.929619
9710,9710,-83.00162,39.958777
9711,9711,-82.960471,39.922763
9712,9712,-82.948449,40.026296
9714,9714,-82.968669,39.972623
9715,9715,-83.091688,39.925382
9716,9716,-83.01244,39.955925
9717,9717,-82.976517,39.976382
9718,9718,-82.976517,39.976382
9721,9721,-82.975624,39.988498
9722,9722,-82.975307,39.994583
9723,9723,-83.038761,39.959783
9724,9724,-82.902782,39.971158
9745,9745,-90.00243,36.619474
9750,9750,-82.990032,39.961177
9752,9752,-82.956003,39.949334
9754,9754,-83.114566,40.101231
9756,9756,-83.02,39.96
9758,9758,-82.870011,40.019138
9760,9760,-83.143833,40.031755
9762,9762,-83.073447,39.944508
9766,9766,-82.974848,40.081053
9768,9768,-82.968537,40.012286
9770,9770,-82.904465,39.94667
9772,9772,-82.958361,39.968815
9773,9773,-82.815083,40.081816
9774,9774,-82.954277,40.052337
9776,9776,-83.006769,39.991161
9778,9778,-82.982973,39.946459
9780,9780,-82.828565,39.951723
9782,9782,-82.941251,39.984803
9784,9784,-82.997201,39.88915
9786,9786,-82.881849,39.893533
9788,9788,-83.019595,40.041378
9790,9790,-82.884954,39.974808
9825,9825,-83.002447,39.963555
9850,9850,-83.00334,39.96421
9855,9855,-82.97,40.06
9875,9875,-83.00334,39.96421
9900,9900,-82.995682,40.036576
9910,9910,-83.00334,39.96421
9925,9925,-82.970882,39.965367
9926,9926,-83.021617,40.044172
9927,9927,-82.99312,40.003258
9930,9930,-82.971032,39.965927
9931,9931,-82.967497,39.907654
9934,9934,-82.973544,39.973892
10000,10000,-83.038496,39.957961
10010,10010,-83.008008,40.001191
10025,10025,-82.984438,39.958078
10030,10030,-82.916908,39.951206
10035,10035,10.41944,5.47944
10040,10040,-82.987848,39.964104
10045,10045,-83.022118,39.958701
10050,10050,-82.98679,39.969103
10060,10060,-82.99872,39.960119
10076,10076,-83.024631,40.056478
10085,10085,-83.11293,39.93441
10100,10100,-82.980034,39.971243
10110,10110,-83.017799,40.066041
10125,10125,-83.068716,39.920785
10150,10150,-83.002517,39.95565
10200,10200,-82.968031,40.000575
10201,10201,-83.1055,40.16624
10500,10500,-83,39.97
10501,10501,-82.989993,40.087142
10675,10675,-83.005124,40.000154
10676,10676,-83.09,39.93
10700,10700,-83.043024,39.943561
10710,10710,-82.977588,39.956393
10755,10755,-83.053747,39.941122
10756,10756,-82.973063,39.95776
10775,10775,-83.048501,39.971904
10800,10800,-82.97112,39.952156
10850,10850,-83,39.97
10875,10875,-83.006303,39.986993
10900,10900,-82.985197,39.965603
10990,10990,-83.263963,40.016591
11110,11110,-82.992527,39.967418
11200,11200,-82.936509,40.106197
11235,11235,-83.015657,40.035743
11400,11400,-82.99946,40.03901
11500,11500,-82.987346,39.990805
11600,11600,-82.880973,39.976118
11725,11725,-83.164651,40.107334
11750,11750,-83.087789,40.104836
11800,11800,-83.006334,39.959825
11900,11900,-83.044449,39.964728
12000,12000,-82.941776,39.985924
12100,12100,-82.990838,39.889175
12121,12121,-83.004133,39.981784
12300,12300,-83.011256,39.994396
12301,12301,-83.01884,39.991939
12495,12495,-82.979559,39.935424
12800,12800,-82.814792,39.850019
12825,12825,-82.935879,39.957611
12850,12850,-83.018192,40.082023
12851,12851,-82.403678,40.058442
12920,12920,-83.075589,40.301027
13200,13200,-82.959433,39.958942
13201,13201,-83.022787,39.957691
13500,13500,-82.95572,39.95717
13601,13601,-83.137783,39.952395
13700,13700,-82.995203,39.932879
13725,13725,-82.96624,39.94055
13750,13750,-83.001459,40.031716
13752,13752,-83.004898,39.988012
13755,13755,-82.960905,39.949474
13770,13770,-83.110848,40.112549
13775,13775,-83.142716,40.150055
13800,13800,-83.116019,40.09906
13810,13810,-83.12106,40.083105
13828,13828,-83.13,40.1
13850,13850,-83.134133,40.104566
13925,13925,-82.957219,39.944486
14200,14200,-82.884248,39.886567
14201,14201,-82.675967,39.771409
14202,14202,-82.884842,39.883733
14203,14203,-82.884248,39.886567
14220,14220,-82.819942,39.765924
14300,14300,-82.908278,39.970494
14400,14400,-82.880298,39.954481
14500,14500,-83.02547,40.035151
14600,14600,-82.967822,39.958113
14655,14655,-82.932589,40.129576
14750,14750,-83.0284,40.09661
14800,14800,-83.04417,39.992046
15000,15000,-83.001102,39.95915
15025,15025,-82.956021,39.909764
15075,15075,-82.974868,40.085519
15090,15090,-82.976668,39.964756
15250,15250,-83.030676,40.035937
15300,15300,-82.908026,39.962772
15500,15500,-82.992288,39.968414
15525,15525,-83.02091,40.046201
15600,15600,-82.963203,39.966861
15602,15601,-83.01542,40.0312
15725,15725,-83.124361,39.946901
15750,15750,-82.886157,40.009422
15800,15800,-82.98965,39.88744
16000,16000,-83.057736,39.983284
16001,16001,-83.104621,40.030402
16050,16050,-83.06729,39.992803
16400,16400,-83.160064,39.935862
16401,16401,-83.141722,39.942532
16500,16500,-82.975722,40.071057
16525,16525,-83.036112,39.992081
16545,16545,-83.040697,40.05337
16770,16770,-82.944022,39.930435
16775,16775,-82.93128,39.98169
16830,16830,107.15,-6.81
16900,16900,-83.021563,39.948977
16901,16901,-82.984607,39.956291
16902,16902,-82.87338,39.980379
16904,16904,-83.05314,39.91948
16905,16905,-83.021563,39.948977
16906,16906,-83.021563,39.948977
16907,16907,-82.984607,39.956291
17000,17000,-82.880098,39.931777
17075,17075,-82.991872,39.99388
17200,17200,-82.996539,39.965629
17525,17525,-83.118015,39.837389
17600,17600,-82.988628,39.963392
17750,17750,-82.943454,39.933239
17800,17800,-87.5625,33.202925
17850,17850,-82.999215,39.95369
17860,17860,-83,39.97
17872,17872,-82.996592,39.95416
17876,17876,-82.999358,39.953886
17900,17900,-82.908034,40.005962
17930,17930,-83,39.97
17965,17965,-82.999303,39.954165
18000,18000,-83.119863,40.038586
18200,18200,-82.996592,39.95416
18201,18201,-82.973956,39.97152
18202,18202,-83.001933,39.886665
18203,18203,-82.917913,40.019974
18204,18204,-82.996446,39.986144
18205,18205,-83.089804,39.961804
18350,18350,-82.985855,39.959212
18355,18355,-83.008837,39.961449
18400,18400,-82.974861,39.958277
18450,18450,-82.95533,39.96468
18454,18454,-82.48321,40.391473
18460,18460,-83.107118,40.089728
18475,26426,-83.090571,39.955951
18476,18476,-83.006102,39.987038
18500,18500,-82.968354,39.969098
18660,18660,-82.86598,40.01428
18661,18661,-82.864856,40.013707
18785,18785,-83.06956,39.92281
19400,19400,-82.947092,39.99244
19550,19550,-82.98881,39.95223
19575,19575,-76.3794,39.669
19580,19580,-83.041144,40.063131
19600,19600,-83.049029,39.972344
19700,19700,-83.025262,39.955473
19800,19800,-83.00293,39.97637
19805,19805,-82.954601,39.967858
20000,20000,-83.017221,40.124792
20003,20003,-82.997467,39.988211
20004,20004,-83.07946,39.96156
20005,20005,-82.87399,39.97101
20300,20300,-83.029458,39.986673
20360,20360,-82.98507,39.965351
20400,20400,-83.006147,40.119449
20450,20450,-82.989351,39.880873
20500,20500,-82.967678,39.973393
20555,20555,-82.905821,39.935139
20625,20625,-82.944178,39.985969
20626,20626,-82.944178,39.985969
20640,20640,-83.033522,40.022495
20650,20650,-83.050056,39.982058
20700,20701,-82.990819,39.960947
20701,20703,-82.869002,39.956168
20702,20704,-82.86566,40.03691
20703,20705,-82.947993,40.099992
20704,20706,-83.161416,40.101027
20705,20707,-83.032476,40.032671
20749,20749,-83.04437,39.976487
20840,20840,-83.017776,40.037768
20845,20845,-82.996266,39.954968
20850,20850,-82.885828,39.851986
20853,20853,-83.060507,39.946147
20860,20860,-82.882569,39.851381
20870,20870,-82.87138,39.85231
20875,20875,-82.882569,39.851381
20888,20888,-83.065813,39.866894
20890,20890,-83.094156,39.882159
20891,20891,-83.092632,39.876345
20894,20894,-83.133801,39.952327
20896,20896,-83.074427,39.881749
20898,20898,-83.092862,39.881347
21000,21000,-82.882915,39.877428
21050,21050,-75.26,40.01
21060,21060,-82.955426,40.032248
21100,21100,-82.993218,39.880289
21105,21105,-82.997075,39.960332
21115,21115,-83.057736,39.983284
21200,21200,-83.020023,39.995559
21202,21202,-82.96089,39.96687
21215,21215,-82.884073,39.926518
21220,21220,-83.015566,39.979701
21225,21225,-82.980958,40.013935
21230,21230,-83.000634,40.062178
21251,21251,-83.15,39.95
21252,21252,-82.827942,39.89153
21400,21400,-83.001459,40.031716
21550,21550,-82.979809,39.983114
21551,21551,-82.979809,39.983114
21552,21552,-82.979809,39.983114
21553,21553,-82.97961,39.98253
21600,21600,-83.00717,40.00126
21625,21625,-82.88099,40.02747
21627,21627,-83.0078,40.00212
21680,21680,-82.777587,39.889027
21700,21700,-83.067153,39.955556
21701,21701,-83.067153,39.955556
21702,21702,-83.067153,39.955556
21703,21703,-83.067153,39.955556
21725,21725,-82.907599,39.945979
21750,21750,-82.936619,39.94489
21800,21800,-83.162227,40.035104
21820,21820,-83.168823,40.028837
21835,21835,-83.168581,40.029141
22000,22000,-83.09,39.93
22500,22500,107.15,-6.81
22775,22775,-82.981001,39.974355
22776,22776,-82.981137,39.973882
23000,23000,-82.885794,39.95853
23015,23015,-82.910369,40.072511
23025,23025,-83.018016,39.95994
23100,23100,-83.009292,39.978633
23120,23120,-82.959405,39.947605
23125,23125,-82.963307,39.905412
23126,23126,-82.963975,39.90609
23130,23130,-82.885763,40.135642
23140,23140,-82.933841,39.997599
23145,23145,-83,39.97
23150,23150,-83.030373,39.997251
23175,23175,-82.977594,40.275364
23200,23200,-83.000867,39.991995
23210,23210,-82.99197,39.95522
23220,23220,-83.006126,40.001514
23400,23400,-82.94,40.13
23500,23500,-82.99197,39.95522
23550,23550,-82.993587,39.926143
23551,23551,-82.977066,39.919871
23558,23558,-82.848805,40.003609
23560,23560,-83.021888,39.95341
23565,23565,-82.857666,40.063658
23570,23570,-83.109778,40.098115
23650,23650,-83.005194,40.00302
23670,23670,-82.991531,40.101578
23750,23750,-82.960649,39.97058
23875,23875,-82.985033,39.965213
23900,23900,-82.992556,39.957995
23950,23950,-83.004739,39.981325
24000,24000,-82.937325,39.946316
24001,24001,-83.069212,40.12279
24002,24002,-82.80456,40.08178
24100,24100,-82.936125,39.946995
24200,24200,-83.001713,39.955122
24250,24250,-82.973622,39.964925
24300,24300,-82.983896,39.958092
24350,24350,-83.002389,39.9828
24500,24500,-82.974967,40.083828
24550,24550,-82.984368,39.960817
24600,24600,-83.021563,39.948977
25000,25000,-82.876601,39.982125
25200,25200,-82.889826,39.884105
25400,25400,-82.99443,39.93969
25425,25425,-83.014341,40.052114
25650,25650,-82.943595,40.095864
25675,25675,-82.982604,40.006462
25700,25700,-82.967442,40.019969
25775,25775,-83.00334,39.96421
25780,25780,-83.093177,39.882989
25785,25785,-82.987184,39.963527
25800,25800,-83.167277,39.968166
25980,25980,-83.064796,40.137725
26000,26000,-82.987321,39.89306
26051,26051,-83.02904,39.95334
26200,26200,-82.98082,39.96489
26201,26201,-82.970915,39.934994
26202,26202,-83.090571,39.955951
26203,26203,-82.918223,39.964598
26204,26204,-82.935263,39.989355
26205,26205,-82.876609,39.962934
26400,26400,-82.989325,40.04525
26420,26420,-83.083238,40.106511
26425,26425,-82.92901,40.13385
26435,26435,-82.933342,40.127489
26450,26450,-82.980024,39.970346
26520,26520,-83.031425,39.956091
26525,26525,-83.090885,39.948743
26530,26530,-82.922276,40.088781
26550,26550,-82.967764,40.081304
26575,26575,-82.970882,39.965367
26620,26620,-82.99,40.09
26630,26630,-83.005954,40.085679
26635,26635,-82.792473,39.938345
26645,26645,-82.999872,39.977279
26650,26650,-82.997687,39.948053
26800,26800,-82.941677,39.929833
27000,27000,-82.96336,40.03523
27001,27001,-82.96336,40.03523
27200,27200,-82.995203,39.932879
27225,27225,-82.99431,39.957735
27300,27300,-82.985197,39.965603
27400,27400,-82.97132,40.121272
27500,27500,-83.029404,39.974572
27600,27600,-83.001889,39.950953
27624,27624,-82.942644,40.07708
27625,27625,-82.948829,40.081363
27800,27800,-82.877067,40.018566
27825,27825,-82.987809,39.990035
28224,28224,-82.948906,40.080537
28225,28225,-83.086126,39.923332
28350,28350,-83.072541,40.0298
28400,28400,-82.8375,39.98134
28402,24802,-82.842698,39.977341
28450,28450,-82.97834,39.91849
28500,28500,-82.987956,39.957616
28502,28502,-82.987956,39.957616
28850,28850,-82.934864,40.016816
28900,28900,-83.002367,40.127854
28950,28950,-83,39.97
28970,28970,-83.0165,40.026101
29025,29025,-82.99977,39.95728
29050,29050,-82.849575,40.271654
29125,29125,-83.08269,40.056134
29145,29145,-83.070242,40.066752
29200,29200,-82.997005,40.113568
29300,29300,-82.936125,39.946995
29375,29375,-82.994875,40.057214
29400,29400,-82.99933,40.11346
29405,29405,-83.003306,39.980284
29410,29410,-82.988034,40.068822
29550,29550,-82.920507,39.960041
29575,29575,-82.965777,39.966041
29605,29605,-83.01333,40.048985
29800,29800,-82.975047,39.97449
29900,29900,-82.997947,40.002913
30125,30125,-83.069105,39.891207
30135,30135,-82.907903,39.918784
30174,30174,-83.063233,39.982368
30200,30200,-82.963027,39.965525
30205,30205,-82.835343,39.673499
30220,30220,-83.020425,40.091811
30224,30224,-83.141332,39.952377
30230,30230,-82.963874,40.027792
30232,30232,-82.961978,40.02777
30300,30300,-82.999215,39.95369
30450,30450,-82.962976,39.956762
30500,30500,-82.953168,40.062708
30514,30514,-83.00417,39.972172
30515,30515,-82.975177,40.082158
30525,30525,-83.00483,39.9857
30600,30600,-82.977091,40.066981
30602,30602,-82.97892,40.06018
30603,30603,-83.081138,39.954405
30604,30604,-83.01563,40.098676
30707,30707,-83.006199,39.988565
30709,30709,-83.006064,39.985173
30711,30711,-83.00387,39.972508
30715,30715,-82.869531,40.01878
30717,30717,-82.830717,39.980154
30725,30725,-83.002298,39.984022
30950,30950,-83.05523,40.02477
30960,30960,-83.016053,40.103972
31000,31000,-82.963782,39.957278
31064,31064,-82.979991,39.957712
31065,31065,-83.002277,39.962335
31100,31100,-83.127829,39.939816
31110,31110,-82.944786,39.978432
31115,31115,-82.974016,40.07959
31116,31116,-82.99662,39.981477
31120,31120,-83.054083,40.007501
31125,31125,-82.956454,39.879551
31126,31126,-82.956454,39.879551
31155,31155,-82.997847,39.963053
31160,31160,-83.048192,39.981978
31190,31190,-82.940752,39.992709
31208,31208,-82.98871,40.00736
31275,31275,-82.780154,39.949332
31300,31300,-83.008151,39.997633
31325,31325,107.15,-6.81
31351,31351,-82.923388,40.021997
31352,31352,-83.00788,40.018282
31353,31353,-82.980034,39.971243
31354,31354,-82.968475,39.951486
31355,31355,-83.032155,39.958272
31356,31356,-82.981082,39.960854
31375,31375,-82.9986,39.94429
31400,31400,-83.063528,39.979591
31410,31410,-82.99747,39.958945
31415,31415,-83.019659,40.044565
31428,31428,-83.000627,39.960286
31435,31435,-83.050845,39.988916
31450,31450,-83.018503,39.977363
31475,31475,-82.99488,39.96287
31490,31490,-82.98871,40.00736
31495,31495,-82.917447,40.129795
31496,31496,-82.989993,40.087142
31500,31500,-83.034412,39.974745
31510,31510,-82.99197,39.95522
31512,31512,-83.131033,40.095032
31515,31515,-82.901633,39.908446
31520,31520,-83.002277,39.962335
31525,31525,-83.00352,40.09307
31530,31530,-83.000623,40.087833
31700,31700,-83.00188,39.95885
31701,31701,-82.89598,39.97265
31725,31725,-83.084212,39.947093
31860,31860,-83,39.97
31865,31865,107.15,-6.81
31950,31950,-83,39.97
31975,31975,-83.04688,40.00518
32000,32000,-83.006147,40.119449
32005,32005,-83.02652,39.967951
32010,32010,-82.999598,39.962977
32018,32018,-83.000955,39.967546
32020,32020,-83,39.97
32025,32025,-90.015555,29.966063
32035,32035,-83.053665,39.957717
32080,32080,-82.994028,39.963287
32125,32125,-82.96446,40.05957
32150,32150,-82.995132,39.956084
32175,32175,-87.5625,33.202925
32176,32176,-82.974592,40.058478
32250,32250,-83,39.97
32274,32274,-83,39.97
32300,32300,-83,39.97
32325,32325,-83.001102,39.95915
32375,32375,-83.03336,40.00021
32475,32475,-83.016484,40.152051
32500,32500,-83.053665,39.957717
32550,32550,-82.989961,39.963236
32590,32590,-83.01,40
32700,32700,-83.007305,40.06633
32900,32900,-83.018782,40.069117
33000,33000,-83.001078,39.963406
33550,33550,-82.977734,39.970953
33555,33555,-83.027365,40.001081
33575,33575,-83.01,40
33600,33600,-83.016966,39.995599
33625,33625,-83.016165,39.995658
33626,33626,-83.097795,40.098264
33800,33800,-68.422025,45.421569
33850,33850,-83.019923,39.992629
33875,33875,-83.01,40
33900,33900,-83.055306,39.971538
34005,34005,-83.01,40
34010,34010,-83.008151,39.997633
34015,34015,-83.053665,39.957717
34020,34020,-121.45267,38.685542
34030,34030,-82.986835,39.926028
34033,34033,-83.043601,39.988594
34035,34035,-83.029458,39.986673
34040,34040,-82.981193,39.983529
34050,34050,-82.997332,39.954829
34060,34060,-82.895043,39.955695
34126,34126,-83.050357,39.882768
34150,34150,-82.956669,40.029023
34160,34160,-83.069619,40.065375
34170,34170,-82.768055,39.9956
34171,34171,-82.788356,40.734005
34180,34180,-83.079582,40.028986
34300,34300,-83.031612,39.99304
34310,34310,-83.005003,40.088957
34315,34315,-83.005981,39.987031
34325,34325,-82.969147,40.002222
34350,34350,-75.09444,23.26528
34400,34400,-83.049174,40.006948
34415,34415,-82.670541,40.004382
34425,34425,-82.880973,39.976118
34430,34430,-82.974879,39.959899
34500,34500,-82.909482,40.122134
34600,34600,-83.068222,39.91956
34601,34601,-83.069639,39.920223
34800,34800,-83.016568,39.956648
34825,34825,-83.054655,39.949872
34835,34835,-82.779839,39.91665
34850,34850,-82.763305,39.894486
34870,34870,-83.0783,40.01795
34900,34900,-82.994711,39.960945
34901,34901,-82.91193,39.95628
34902,34902,-83.007835,40.002032
34904,34904,-82.981405,39.993556
34906,34906,-82.904919,40.098327
34907,34907,-83.004377,39.964375
34910,34910,-82.999358,39.953886
34912,34912,-77.04,38.9
34915,34915,-82.97,39.88
34919,34919,-83.092339,39.881778
34921,34921,-83.151456,40.02938
34925,34925,-82.883208,39.997961
34926,34926,-83.016362,40.001564
34928,34928,-82.806,39.9578
34930,34930,-83.05092,40.03119
34932,34932,-82.931619,40.124864
34933,34933,-82.885529,39.968381
34934,34934,-83.0162,40.09723
34935,34935,-83.003824,39.987744
34950,34950,-82.982604,40.006462
34975,34975,-82.974879,39.959899
35026,35026,-83.008206,40.001947
35028,35028,-82.916077,39.95304
35030,35030,-82.996949,39.941662
35295,35295,-82.802438,39.829342
35300,35300,-82.981084,39.993868
35325,35325,-82.95967,40.06634
35340,35340,-82.899775,40.062748
35650,35650,-82.986835,39.926028
35700,35700,-82.897603,39.959182
35800,35800,-82.930975,40.378122
35815,35815,-83.120186,39.908335
35824,35824,-83,39.97
35825,35825,-82.97286,39.97334
35840,35840,-82.944668,39.935303
35890,35890,-82.94183,40.08411
36100,36100,-82.801795,39.955718
36155,36155,-82.805572,39.955505
36175,36175,-82.792803,39.941734
36176,36176,-82.793319,39.951056
36300,36300,-83.000623,40.087833
36501,36501,-82.869002,39.956168
36502,36502,-82.86566,40.03691
36503,36503,-82.947993,40.099992
36504,36504,-102.416,32.9154
36505,36505,-83.032476,40.032671
36525,36525,-82.9547,39.957368
36530,36530,-83.038933,40.130401
36675,36675,-82.979096,39.950969
36685,36685,-82.85505,39.99207
36690,36690,-83.000716,40.04723
36700,36700,-82.942778,40.020075
37000,37000,-82.947169,40.11473
37025,37025,-82.968485,40.014504
37050,37050,-82.956786,39.970845
37100,37100,-82.96089,39.96687
37900,37900,-82.97112,39.952156
37901,37901,-82.97112,39.952156
37905,37905,-82.98482,39.956671
37925,37925,-82.97112,39.952156
37950,37950,-82.994634,39.963208
37975,37975,-82.970004,40.031842
38000,38000,-82.961066,39.969027
38275,38275,-82.923588,39.985593
38290,38290,-82.98438,39.96656
38300,38300,-82.853753,40.017212
38400,38400,-83.017444,39.940867
38600,38600,-83.058936,39.975731
38700,38700,-82.989339,39.937341
38875,38875,-83.01542,40.0312
38950,38950,-83.005123,39.986053
38975,38975,-83.105067,39.995976
39100,39100,-82.968031,40.000575
39200,39200,-82.931991,39.985416
39230,39230,-83.06204,39.990165
39425,39425,-82.956454,39.879551
39600,39500,-82.991952,39.961248
39651,39651,-82.9772,40.041473
39652,39652,-83.059132,39.939699
39654,39654,-82.98273,39.945416
39655,39655,-82.996368,40.119469
39656,39656,-83.088037,40.292157
39657,39657,-73.118949,41.213371
39675,39675,-82.999868,39.949787
39680,39680,-82.979161,39.967285
39690,39690,-83.00334,39.96421
39975,39975,-82.923388,40.021997
39976,39976,-82.950926,40.027134
40100,40100,-83.017441,40.038881
40101,40101,-83.005306,39.986975
40200,40200,-82.880973,39.976118
40350,40350,-83.061964,39.874525
40500,40500,-82.982768,39.970897
40650,40650,-82.999685,39.966482
40660,40660,-82.885925,39.944712
40665,40665,-82.665139,40.887949
40680,40680,-82.79091,40.00477
40720,40720,-83.049959,39.989738
40800,40800,-83.001248,39.96668
40801,40801,-82.872296,39.980609
40802,40802,-82.989574,40.11901
40803,40803,-83.115439,39.931091
40850,40850,-83.069051,40.023134
40900,40900,-82.95696,40.05188
40905,40905,-82.996047,39.96087
41400,41400,-82.986835,39.926028
41405,41405,-82.960974,40.037915
41425,41425,-83.001769,39.965129
41426,41426,-82.993133,39.932679
41427,41427,-82.995911,39.92713
41430,41430,-82.875761,39.970723
41454,41454,-83.013623,40.021908
41455,41455,-82.950926,40.027134
41460,41460,-82.915043,39.956755
41470,41470,-82.988506,39.924724
41475,41475,-82.907419,39.946773
41480,41480,-83.051758,39.931822
41485,41485,-83.085402,39.900027
41505,41505,-83.037817,39.953742
41506,41506,-82.980738,39.964106
41525,41525,-83.021366,39.959902
41600,41600,-83.085343,39.876024
41640,41640,-82.872292,39.934308
41645,41645,-82.988891,39.963882
41650,41650,-82.891815,40.021604
41655,41655,-74.44,39.36
41675,41675,-82.969278,39.962537
41815,41815,-82.99662,39.981477
41816,41816,107.15,-6.81
41817,41817,107.15,-6.81
41850,41850,-82.97322,39.972711
42125,42125,-82.975118,40.277114
42150,42150,-82.315032,40.019803
42175,42175,-83.004898,39.988012
42200,42200,-83.033575,39.954129
42245,42245,-83.121969,40.179974
42250,42250,-82.96896,40.08799
42260,42260,-82.957843,39.954721
42275,42275,-82.985078,39.965466
42290,42290,-82.988891,39.963882
42295,42295,-83.016635,39.946428
42333,42333,-83.049898,40.041052
42340,42340,-83,39.97
42600,42600,-83,39.97
42625,42625,-83,39.97
42650,42650,-82.935673,40.009184
42655,42655,-82.96086,39.96212
42660,42660,-82.985127,39.965776
42665,42665,-83.148981,39.928442
42670,42670,-83.113929,40.082627
42680,42680,-83.121136,40.084262
42690,42690,-83.000317,39.978824
43225,43225,-82.922546,39.994504
43350,43350,-83.004843,40.002327
43355,43355,-83.05092,40.03119
43380,43380,-82.7568,39.989613
43700,43700,-83.113532,39.943662
43702,43702,-82.40063,40.05287
43850,43850,-83.01,40
43900,43900,-83.018864,40.097793
43910,43910,-82.98507,39.965351
43915,43915,-82.982655,39.944379
43950,43950,-82.857701,40.246683
44000,44000,-82.88421,39.97836
44001,44001,-82.854433,40.002255
44050,44050,-82.884331,39.926608
44100,44100,-82.996266,39.954968
44350,44350,-83.010245,40.006364
44411,44411,-83,39.97
44500,44500,-83.011379,39.990634
44760,44760,-83.064539,40.015568
44770,44770,-83.067596,40.012874
44771,44771,-83.071206,40.046586
44772,44772,-83.060949,39.995125
44925,44925,-83.001248,39.96668
44985,44985,-83.003527,39.972462
44990,44990,-82.910259,39.980788
44995,44995,-82.910259,39.980788
45000,45000,-82.981333,39.966615
45050,45050,-82.979853,39.992872
45300,45300,-82.926291,39.995246
45301,45301,-82.88826,40.000889
45340,45340,-82.774008,39.920299
45341,45341,-82.918433,40.10296
45342,45342,-82.917517,40.102717
45350,45350,-82.935472,40.091953
45400,45400,-83.006633,39.990762
45700,45700,-82.95347,39.9677
45705,45705,-83.064924,39.955105
45800,45800,-83.003421,39.993711
45900,45900,-83.036846,39.993789
46355,46355,-83.020883,39.945009
46360,46360,-83.000634,40.062178
46365,46365,-82.941112,40.082013
46400,46400,-83.010982,39.981904
46500,46500,-83.017842,39.961428
46501,46501,-82.969777,39.969245
46502,46502,-82.9783,39.96515
46570,46570,-82.930209,40.105261
46573,46573,-82.91361,40.07598
46630,46630,-82.930099,40.122985
46640,46640,-82.945279,40.135487
46650,46650,-82.96742,40.12955
46800,46800,-83.011249,39.975885
46875,46875,-82.968475,39.951486
46900,46900,-83.008972,40.00046
46910,46910,-83.009226,40.130792
47025,47025,-82.8701,39.98264
47200,47200,-83.086414,40.112104
47215,47215,-82.813601,39.850434
47290,47290,-82.94,39.95
47295,47295,-83.000792,40.052358
47310,47310,-83,39.97
47320,47320,-83.01119,40.001984
47385,47385,-82.971734,39.941135
47400,47400,-83.015117,40.136254
47695,47695,-83.042944,40.081189
47735,47735,-83.004198,40.09701
47740,47740,-83.016959,40.090602
47741,47741,-83.07833,40.11769
47745,47745,-83.004677,40.106465
47746,47746,-83.002324,40.025617
47750,47750,-83.021308,40.010579
47755,47755,-83.016724,40.095646
47800,47800,-83.016645,40.03609
48000,48000,-82.999941,39.965217
48001,48001,-82.956631,39.970038
48002,48002,-83.07946,39.96156
48003,48003,-82.973833,40.077497
48005,48005,-83.129524,39.940054
48006,48006,-82.908034,40.005962
48007,48007,-83.817289,40.356761
48008,48008,-82.960791,39.847292
48009,48009,-82.818986,39.909322
48101,48101,-82.921186,40.129255
48105,48105,-82.561,40.084334
48150,48150,-82.977146,39.95653
48200,48200,-83.016797,39.980253
48300,48300,-83.046842,39.97431
48325,48325,-83.061491,39.94609
48326,48326,-83.061491,39.94609
48350,48350,-83.01,40.01
48375,48375,-83.0609,39.95221
48475,48475,-83.018178,40.077729
49020,49020,-82.914465,39.980711
49025,49025,-82.997227,39.959694
50025,50025,-82.907903,39.918784
50050,50050,-82.971514,39.97237
50085,50085,-82.87122,40.01398
50090,50090,-82.988092,39.924745
50100,50100,-83.017635,39.959026
50101,50101,-83.017635,39.959026
50200,50200,-83.045764,39.955492
50300,50300,-82.930209,40.105261
50350,50350,-82.97226,39.96806
50355,50355,-82.918673,40.060626
50475,50475,-82.966093,39.973577
59502,59502,-82.9889,39.96408
59511,59511,-82.968031,40.000575
59520,59520,-82.975278,40.001465
59540,59540,-83.015354,40.0276
59550,59550,-83.005981,39.987031
59560,59560,-82.982745,39.943462
59570,59570,-82.986835,39.926028
59580,59580,-82.966256,39.960244
59581,59581,-82.966256,39.960244
59590,59590,-82.964193,39.96602
59610,59610,-83.09,39.93
59620,59620,-83.029131,39.952702
59630,59630,-83.025262,39.955473
59650,59650,-83.085133,39.899383
59670,59670,-83.04956,39.91479
59690,59690,-82.989645,39.954848
59691,59691,-82.96782,39.95732
59692,59692,-82.997251,40.119567
59700,59700,-83.059132,39.939699
59710,59710,-82.988942,40.017251
59720,59720,-82.981082,39.960854
59730,59730,-82.989951,39.954805
59740,59740,-83.02,40.09
59750,59750,-82.98965,39.88744
59760,59760,-82.899579,40.178865
59770,59770,-82.9783,39.96515
59780,59780,-82.984362,39.927288
59800,59800,-82.981082,39.960854
59810,59810,-82.99229,39.92914
59820,59820,-83.084212,39.947093
59840,59840,-82.96336,40.03523
59850,59850,-82.995404,39.964083
60710,60710,-82.992527,39.967418
63444,63444,-82.897615,39.944407
74000,74000,-82.993874,39.9255
75000,75000,-82.958846,39.89808
99970,99970,-83.000294,39.959372
99996,99996,-82.914574,40.102752
100177,4501,-82.982151,39.964171
100178,4502,-83.005954,40.085679
100193,34924,-82.792291,39.910135
100195,34936,-83.076918,40.156849
100198,34937,-83.14172,39.952336
100235,4220,-82.987184,39.963527
100238,16060,-82.988891,39.963882
100247,24251,-82.968669,39.972623
100248,24252,-83.038799,39.960919
100249,24253,-82.97396,39.97488
100251,3651,-82.93031,39.963665
100253,3652,-82.812366,39.837668
100255,3653,-83.131699,40.111883
100261,3654,-82.865937,40.014915
100263,3655,-83.04836,39.985059
100265,3656,-82.901346,39.855629
100267,3657,-82.974638,39.860775
100269,3658,-83.158559,40.029651
100271,3659,-82.810191,40.084159
100273,3660,-82.804656,39.955732
100276,3661,-83.047336,39.884184
100278,3662,-83.06131,39.99978
100280,3663,-82.921501,40.116983
100282,3664,-82.886548,39.961215
100284,3665,-83.008879,40.110539
100498,43880,-82.91225,40.018387
100529,1181,-82.915846,39.952003
100530,1182,-83.06185,39.87911
100531,1183,-82.807081,39.954876
100533,1184,-83.018352,40.07712
100628,45801,-83.004654,39.984116
100636,23131,-82.908737,40.098763
100637,23132,-82.880653,39.959683
100638,23133,-82.976172,40.090285
100639,23134,-82.984887,40.094067
100640,23201,-83.016966,39.995599
100643,26207,-83.056624,39.925005
100644,26208,-83.082646,39.876107
100645,26209,-83.076957,40.328454
100646,26210,-82.63202,39.726958
100647,26211,-82.89359,39.848351
100648,26212,-82.842012,39.944327
100649,26213,-82.968031,40.000575
100650,26214,-82.993297,39.963342
100651,26215,-82.968534,39.95799
100652,26216,-82.981082,39.960854
100653,26217,-82.992576,39.965802
100654,26218,-83.025262,39.955473
100656,26220,-83.059132,39.939699
100659,26221,-82.996368,40.119469
100663,15504,-82.992288,39.968414
100664,15505,-82.992288,39.968414
100665,24101,-82.936619,39.94489
100666,24102,-82.937325,39.946316
100667,1186,-83.04993,40.05104
100668,20001,-83.017221,40.124792
100669,41406,-82.966836,40.035546
100679,45351,-83.000665,39.986799
100682,41428,-83.053288,39.955567
100690,45701,-83.001505,39.962124
100691,45703,-83.032617,39.958026
100692,45704,-82.983152,39.947578
100693,45706,-82.882761,39.923972
100694,45707,-83.005611,39.986711
100695,45708,-82.99516,39.925821
100696,45709,-83.15,39.98
100697,45710,-82.999185,40.037552
100699,45712,-83.015814,39.960201
100702,34903,-83.040177,39.956795
100723,15802,-82.813936,40.018994
100724,15803,-82.900847,40.104482
100725,15804,-82.955846,40.046735
100726,15805,-82.98965,39.88744
100727,15806,-82.98863,39.887687
100728,15807,-83.109553,39.942233
100729,15808,-82.864981,40.013072
100730,15809,-82.891447,40.032975
100731,15810,-82.97,40.06
100732,15811,-83.044812,39.978313
100733,15812,-83.076622,39.837923
100734,15813,-83.068595,39.888689
100736,15815,-82.88292,39.8789
100737,15816,-82.971769,39.832811
100738,15817,-82.964013,39.875963
100739,15818,-82.939573,40.076864
100740,15819,-82.80165,40.085947
100741,15820,-83.13823,39.94814
100742,15821,-83.155116,40.036882
100743,15822,-82.813115,39.955354
100744,15823,-83.05092,40.03119
100746,15825,-83.154946,40.095372
100747,15826,-82.945021,40.125323
100748,15827,-82.885016,39.967756
100749,15828,-83.017183,40.09711
100763,5081,-83.05,40.05
100764,10502,-83.069781,40.300037
100772,20708,-82.991116,39.960007
100773,20709,-82.869002,39.956168
100774,20710,-83.057273,39.879987
100775,20711,-82.991139,39.959677
100776,5601,-82.961576,39.974373
100777,5602,-82.975722,40.071057
100778,5603,-83.073447,39.944508
100780,5604,-82.904465,39.94667
100781,5606,-82.984756,39.925379
100782,5607,-83.06056,40.02143
100783,5608,-83.004898,39.988012
100785,5609,-83.05908,39.92438
100786,5610,-83,39.97
100787,5611,-82.968031,40.000575
100788,5612,-82.804703,39.951994
100789,5613,-82.862956,40.245321
100790,5614,-83.01867,40.0901
100792,20715,-83.033126,40.033631
100793,20716,-83.06709,40.08618
100795,17966,-82.942959,39.933356
100796,17967,-83.000697,39.954161
100797,17968,-83.020691,39.90752
100798,17969,-82.998683,39.953714
100800,30127,-82.954277,40.052337
100813,10037,-82.967822,39.958113
100815,10039,-83.065585,39.945094
100816,10041,-83.002624,39.885157
100825,19701,-83.02898,39.95219
100827,10043,-82.968031,40.000575
100829,35926,-83.019853,40.013305
100830,34602,-83.056474,39.924517
100831,47001,-83.0164,40.10243
100832,15751,-83.15,39.99
100838,13501,-82.851407,39.924699
100844,39660,-82.996421,39.927716
100845,39661,-82.98494,39.923157
100846,39662,-82.9485,40.06034
100847,39663,-83.111294,39.943411
100848,39664,-82.883247,39.924006
100849,39665,-82.999868,39.949787
100854,41601,-83.18533,39.85286
100855,41602,-83.084834,39.876982
100856,41603,-83.148181,39.946701
100857,41604,-83.124361,39.946901
100858,41605,-83.075144,39.932333
100859,41606,-83.139586,39.950317
100860,41607,-83.085402,39.900027
100861,20702,-83.033957,40.030521
100862,20700,-82.995848,39.963122
100865,8978,-82.951616,39.940522
100866,8926,-83,39.97
100867,8927,-83.031515,39.97007
100870,16002,-82.45463,39.61728
100871,16003,-83.056822,39.982347
100872,7776,-83.07946,39.96156
100873,42626,-83,39.97
100875,40751,-83.016886,39.979138
100876,45401,-82.984204,39.992125
100877,18662,-82.887482,40.036259
100879,7801,-83.015425,40.030431
100882,24387,-82.85611,39.95542
100883,32019,-82.994582,39.967746
100886,261,-82.980024,39.970346
100888,1001,-82.977262,39.960889
100889,1002,-82.976687,39.960809
100890,1003,-82.95412,39.96797
100891,1004,-82.942773,39.930846
100892,1005,-82.971058,39.952445
100898,116,-82.980824,39.959322
100900,8506,-83.006173,40.054454
100901,8507,-82.97,40.06
100902,8508,-82.992546,39.961561
100903,47401,-83.076091,40.271559
100904,35561,-83.007748,40.001145
100905,24254,-82.921186,40.129255
100907,24256,-82.91504,39.93909
100908,24257,-82.968475,39.951486
100909,24258,-82.899806,39.957949
100910,24259,-82.976402,39.929619
100913,21726,-83.07501,40.27174
100915,21727,-82.969052,39.965495
100916,21728,-82.967146,40.06117
100919,14751,-83.016148,40.062833
100921,26501,-82.972753,39.957761
100927,35951,-82.921628,40.109795
100928,40157,-82.9804,40.05982
100929,40158,-83.072893,40.056835
100932,40161,-83.014059,39.990214
100936,40152,-83.014059,39.990214
100937,36156,-82.804703,39.951994
100938,35701,-83.000517,39.962593
100939,35702,-82.92566,39.94707
100941,34940,-82.986255,39.944474
100949,43301,-83.006266,40.044892
100950,43951,-83.02091,40.046201
100952,10991,-83.09,39.93
100953,46641,-82.943104,40.125652
100954,44661,-83.064539,40.015568
100958,48010,-83.017742,40.104811
100964,48102,-82.948566,39.987155
100965,48103,-82.921186,40.129255
100966,47747,-83.01867,40.0901
100967,47026,-82.867476,39.964204
100968,21751,-82.938397,39.944649
100969,21752,-82.939484,39.944832
100970,21753,-82.930421,39.938927
100971,21754,-82.941816,39.952268
100976,11901,-83.001001,39.963044
100980,29801,-83.05814,39.95384
100981,29802,-82.973967,39.972566
100982,26801,-82.87592,39.96959
100983,26802,-82.982486,39.970368
100988,41507,-83.081,39.943112
100990,40721,-83.037053,39.988768
101059,29126,-83.110892,40.027971
101060,29127,-82.890585,40.022923
101061,8716,-83.116195,39.92706
101071,23101,-83.03932,39.94165
101073,23102,-82.9832,39.936558
101101,12351,-82.878993,40.078354
101102,8741,-83.022584,40.054574
101103,10301,-82.9804,40.05982
101104,10077,-83.016148,40.062833
101105,17877,-83,39.97
101106,17901,-83.02,39.96
101107,17902,-82.864557,40.031395
101108,17903,-82.987986,40.101159
101109,17904,-83.019003,40.01802
101110,17905,-82.84025,39.993486
101111,17906,-82.890292,39.886596
101112,17907,-82.988978,40.100831
101113,17908,-83.081177,39.97402
101114,17909,-82.892459,39.873405
101116,18702,-82.96089,39.96687
101118,18704,-83.13,40.1
101119,18705,-82.881753,40.027131
101120,20641,-83.02091,40.046201
101121,20301,-83.029458,39.986673
101122,20302,-82.964289,40.06049
101127,20307,-83.043974,39.993043
101146,33627,-83.098693,40.098575
101147,30708,-82.983807,39.959127
101152,16840,-83.00162,39.958777
101174,8702,-102.24521,33.674599
101175,8703,-82.941816,39.952268
101176,8704,-83.016635,39.946428
101177,8705,-83.08121,40.10064
101178,8706,-82.886079,39.965392
101179,8707,-82.971032,39.965927
101180,8708,-83.01867,40.0901
101181,8709,-83.094156,39.882159
101182,8710,-83.069639,39.920223
101183,8711,-82.938397,39.944649
101184,8712,-83.133801,39.952327
101185,8713,-82.967497,39.907654
101186,8714,-82.793319,39.951056
101191,8717,-83.09647,39.94117
101192,8718,-83.110892,40.027971
101193,8719,-82.976551,39.962876
101195,8721,-83.037817,39.953742
101196,8722,-82.869002,39.956168
101197,8723,-82.967497,39.907654
101198,8724,-83.085402,39.900027
101199,8727,-82.9544,40.027629
101205,5122,-83.089682,39.963376
101209,602,-83.01867,40.0901
101210,603,-83.093917,39.942974
101214,33876,-83.01,40
101215,33877,-83.01,40
101217,6726,-83.02091,40.046201
101232,20750,-83.040047,39.976237
101252,5777,-82.936622,39.957493
101253,5778,-82.943104,40.125652
101254,5779,-83.117294,40.022324
101255,5780,-82.962875,39.978598
101256,5781,-83.092632,39.876345
101257,5782,-83.139056,40.107298
101258,5783,-83.01743,40.08532
101259,5784,-82.793319,39.951056
101260,5785,-83.110892,40.027971
101261,5786,-83.001459,40.031716
101265,10051,-83.138554,40.093985
101266,10052,-82.865466,40.018137
101267,10053,-83.376221,40.247735
101268,10054,-82.878108,39.891791
101269,10055,-82.91693,40.148981
101271,10057,-82.9916,39.96958
101272,5805,-82.95662,39.97065
101273,10126,-83.067675,39.921575
101274,17753,-82.825471,39.872106
101275,11201,-82.943104,40.125652
101276,1461,-82.960772,40.039268
101277,2001,-82.964686,40.043698
101278,2002,-83.02,39.95
101279,7751,-82.881753,40.027131
101280,7752,-82.965099,39.971442
101281,7753,-83.006303,39.986993
101282,7754,-83.01467,39.957005
101283,7755,-82.941677,39.929833
101284,7756,-83.001972,40.005746
101285,7388,-82.961821,39.922125
101287,7758,-83.033957,40.030521
101289,7381,-82.892251,40.096949
101290,7382,-82.892416,40.098186
101291,33001,-82.952616,39.610634
101292,33002,-81.516283,41.449746
101293,33003,-81.53,40.79
101295,33005,-82.308865,40.604284
101296,33006,-82.842095,38.626187
101297,33007,-83.145588,40.192538
101298,33008,-83.142488,40.195169
101299,33013,-83,39.97
101300,33010,-83.142068,40.190903
101301,33011,-83.14093,40.1905
101302,33012,-82.944491,39.946452
101307,20717,-83.032,40.03517
101308,20718,-82.831381,39.9825
101309,20719,-83.033957,40.030521
101310,20720,-83.036167,40.032172
101312,20722,-83.034856,40.036797
101314,32501,-83.142995,40.033007
101315,32502,-82.89913,39.97365
101316,32503,-83.069557,40.088263
101317,33601,-83.017374,39.995134
101318,33602,-83.100389,39.858377
101319,33603,-83.07805,40.19095
101321,33605,-83.03809,40.05827
101322,33606,-82.96089,39.96687
101323,33607,-83.181254,40.042385
101324,33608,-83.01581,39.996222
101325,33609,-83.09824,40.09838
101326,33610,-83.01,40
101327,33611,-83.03336,40.00021
101329,33613,-83.016456,39.994604
101330,33614,-83.03413,40.00031
101331,33615,-83.06709,40.08618
101332,33616,-83.111092,40.030841
101333,33617,-83.064307,39.981929
101334,33618,-83.00969,40.00719
101335,7881,-83.005123,39.986053
101341,8948,-82.86598,40.01428
101344,8954,-82.752053,39.881563
101345,8955,-82.805572,39.955505
101347,8957,-82.931735,40.125157
101348,8958,-82.884895,39.968309
101350,33619,-83.065954,40.063616
101351,33620,-82.80979,39.95599
101352,33621,-82.779708,39.915842
101353,33622,-83.056916,40.024409
101354,33623,-82.927117,40.112578
101356,33630,-82.863996,40.042067
101357,33631,-82.812067,40.080992
101358,33632,-82.9544,40.027629
101359,33633,-83.055431,39.880107
101360,33634,-83.040841,39.9912
101361,33635,-82.992031,40.150795
101362,33636,-83.005954,40.085679
101363,33637,-82.999859,39.959963
101364,7901,-82.968414,39.965594
101366,28401,-83.021375,39.957363
101367,28403,-82.814002,39.954324
101368,28404,-83.019172,39.955574
101369,28405,-83.049981,39.974478
101370,28406,-82.844542,39.977114
101373,28409,-83.094714,40.145015
101374,28410,-82.810191,40.084159
101375,28411,-83.021246,39.956464
101376,28412,-83.02086,39.957586
101390,28413,-82.846278,39.978001
101391,28414,-82.846278,39.978001
101395,37001,-82.93137,40.109649
101397,9932,-82.980117,39.928171
101398,9933,-82.905484,39.947663
101399,9935,-82.969865,39.970694
101400,9936,-82.974879,39.959899
101401,9937,-82.948861,39.995606
101402,9938,-82.93817,40.003849
101403,9939,-83.090843,40.068858
101404,9940,-83.014939,39.953606
101405,9941,-82.949098,39.94717
101406,9942,-82.859804,39.942739
101407,9943,-82.970362,40.047262
101408,9944,-83.055397,39.96259
101409,9945,-82.98956,39.883003
101410,9946,-83.068774,39.96226
101411,9947,-82.923759,39.988551
101412,9948,-82.97659,40.01697
101413,9949,-82.98112,39.993068
101414,9955,-82.981079,39.981602
101415,9956,-82.930709,40.022105
101416,9957,-82.991619,39.942017
101417,9958,-83.018073,39.945515
101418,9959,-83.008823,39.986209
101419,9960,-83.01633,40.009093
101420,9961,-83.081853,39.945133
101421,9962,-83.019219,40.041981
101422,9963,-82.978539,40.072171
101423,9964,-83.109648,39.921253
101424,9965,-82.94799,39.961808
101425,9966,-83.005876,39.933502
101426,9967,-83.026528,40.06159
101427,9968,-82.94174,40.01124
101428,9969,-83.008823,39.986209
101429,9970,-83.027527,40.080001
101430,9971,-82.858534,39.945357
101431,9972,-83.00596,39.97374
101432,9973,-82.723893,39.907117
101433,9974,-83.086479,39.945769
101435,9976,-82.948345,39.966551
101440,9977,-82.989443,39.960021
101441,9978,-82.995118,39.949491
101442,9979,-82.985486,39.961626
101443,9980,-82.98,39.97
101444,9981,-82.868053,39.995527
101445,9982,-83.15056,39.910842
101446,9983,-82.940583,40.048044
101447,9984,-83.101335,39.99029
101448,9985,-82.788729,39.92089
101449,9986,-82.8374,39.93698
101450,9987,-83.10772,39.98811
101451,9988,-83.003234,39.955542
101452,9989,-83.00517,39.94071
101453,8961,-83.012526,39.910996
101454,8962,-83.010388,39.812951
101455,8963,-83.025076,39.818303
101458,6601,-82.976668,39.964756
101459,6602,-82.981405,39.993556
101460,6603,-82.948035,40.137663
101461,6604,-83.024418,39.986201
101462,6605,-82.969219,39.957683
101463,6606,-83.113944,39.944225
101464,6607,-82.88577,39.9631
101465,6608,-82.869531,40.01878
101466,6609,-83.137303,40.033529
101467,6610,-82.45944,40.0442
101468,6611,-82.97076,40.106722
101469,6612,-83.144238,40.10003
101470,6613,-82.779723,39.917586
101479,38955,-82.98273,39.945416
101481,47730,-83.020074,40.087049
101482,7902,-82.97803,39.960446
101517,45713,-82.883974,39.924851
101544,13203,-83.06262,39.93727
101545,26222,-82.9734,39.958066
101546,26223,-82.976305,40.049171
101547,26224,-82.98273,39.945416
101548,26225,-83.088037,40.292157
101549,26226,-83.139284,39.94402
101576,12902,-83.005912,40.01878
101672,31426,-81.302194,41.722618
101961,24700,-82.903021,39.915465
101962,24701,-82.836173,39.942057
101963,24702,-82.832338,39.950732
101964,24703,-82.986047,40.028035
101965,24704,-82.956065,40.070191
101966,24705,-82.952934,40.070003
101968,225,-82.95513,40.027843
101970,9815,-82.99995,39.962486
101971,50026,-82.907903,39.918784
101974,16650,-83.07314,39.95526
101980,37980,-83.000022,39.981753
101987,44800,-83.067596,40.012874
102020,31357,-82.97112,39.952156
102024,7550,-83.104048,39.932943
102037,42334,-83.117684,40.024814
102061,21580,-83.068751,39.944666
102063,41464,-82.973663,39.943106
102065,6730,-82.960325,40.018632
102105,7759,-83.03207,40.0327
102106,7760,-82.972188,40.005285
103236,43901,-82.826395,39.95593
103240,5130,-83.005954,40.085679
176709,26803,-82.940998,39.93066
176711,33009,-83.124091,40.614976
176727,44996,-83.054886,39.880101
466101,4652,-82.999163,40.06625
468339,28415,-82.830717,39.980154
545714,5123,-83.089682,39.963376
547155,48011,-82.955911,39.849975
547158,48012,-83.052261,39.956828
548333,48013,-83.014648,39.95511
548997,48014,-83.085402,39.900027
583806,6614,-82.830717,39.980154
583807,6615,-82.919483,40.020306
590504,9990,-82.96524,40.062175
590505,9991,-83.168823,40.028837
739897,43330,-82.978937,39.996844
755841,26206,-83.092391,39.927089
755842,50091,-82.988092,39.924745
782252,14753,-83,39.97
790940,31390,-82.993702,40.091667
792931,965,-83.055268,40.02716
793008,8677,-83.04676,40.086728
793035,45750,-83.014581,40.054906
793044,45751,-83.001384,40.075958
793998,28501,-82.987956,39.957616
796063,31976,107.15,-6.81
796064,31977,107.15,-6.81
796065,31978,107.15,-6.81
796066,31979,107.15,-6.81
796068,31981,107.15,-6.81
796069,31982,107.15,-6.81
796070,31983,107.15,-6.81
796071,31984,107.15,-6.81
796072,31985,107.15,-6.81
796073,31986,107.15,-6.81
796074,31987,107.15,-6.81
796076,31989,107.15,-6.81
796077,31990,107.15,-6.81
796078,31991,107.15,-6.81
796079,31992,107.15,-6.81
796080,31993,107.15,-6.81
796081,31994,107.15,-6.81
796082,31995,107.15,-6.81
796083,31996,107.15,-6.81
796084,31997,107.15,-6.81
796553,20280,-82.462435,40.418818
797328,37976,-82.970004,40.031842
797805,34916,-82.97,39.88
798563,45352,-83.000471,39.986616
799004,7882,-82.998397,39.943174
799019,7883,-82.981082,39.960854
799043,7884,-83.011157,40.006276
799888,15506,-82.998807,39.991683
804294,34911,-82.939129,39.957376
804297,34913,-82.805883,39.842439
804300,34920,-82.955846,40.046735
804304,34923,-83.060565,39.920645
804310,34931,-83.092339,39.881778
804313,34939,-82.882097,39.853586
804315,34941,-82.999358,39.953886
804316,34942,-83.15,39.99
804318,34943,-82.999358,39.953886
804319,34981,-82.999358,39.953886
804323,34946,-82.999358,39.953886
804331,34947,-82.883,39.877892
804332,34948,-82.97,40.06
804334,34949,-82.942644,40.07708
804346,34957,-82.999358,39.953886
804354,34956,-83.141332,39.952377
804355,34958,-82.935828,39.88432
804357,34959,-83.092344,40.112093
804360,34965,-82.999358,39.953886
804370,34966,-82.999358,39.953886
804379,34970,-83.035026,40.123579
804381,34971,-82.999358,39.953886
804382,34972,-83.05092,40.03119
804383,34973,-83.067226,39.946266
804386,34974,-82.999358,39.953886
804388,34978,-82.931619,40.124864
804390,34979,-82.885529,39.968381
804393,34963,-83.0162,40.09723
804394,34964,-82.999358,39.953886
809062,40162,-83.032476,40.032671
809096,48104,-82.908034,40.005962
809221,40159,-82.92996,40.11966
809222,40163,-82.916719,40.126344
811500,48015,-83.078983,40.186322
814092,59825,-83.008169,39.987069
818317,12330,-73.779043,40.908703
819547,4550,-82.794845,39.982443
819637,10820,-82.894623,39.946391
822194,35970,-82.420619,40.170762
826557,34890,-83.077761,40.000541
826575,31085,-83.001078,39.963406
829463,37977,-82.970004,40.031842
829964,31240,-82.586917,40.192738
833594,8671,-83.00419,39.97273
833748,30180,-82.90177,39.928402
835768,1629,-83.162838,40.029125
835771,1630,-83.022118,39.958701
835777,1631,-82.85857,39.979355
836184,10090,-82.982909,39.943182
841298,41651,-82.890887,40.022462
848999,28910,-83.002367,40.127854
849002,28911,-83.033957,40.030521
849017,47402,-83.09938,40.303212
850368,11731,-82.839115,40.157252
852788,22760,-77.05838,38.803831
852995,31320,-83.018107,40.001817
854050,44351,-83.010113,40.006864
854115,24260,-82.91544,39.98074
857681,2351,-82.877789,39.928527
858946,3426,-83,39.97
865166,38255,-83.003244,39.993201
867770,30731,-82.979155,39.964359
867771,5076,-82.971195,39.94983
868688,9270,-83.014211,40.152709
871886,31494,-82.917447,40.129795
871917,16521,-82.923406,40.050084
871918,16522,-82.836562,39.922181
871924,16523,-82.620979,39.731864
871927,16524,-82.632769,39.725378
875416,8810,-82.98853,39.95626
878940,8801,-82.9544,40.027629
887612,15091,-82.968669,39.972623
889204,35,-83.010364,40.135516
889206,1555,-82.91347,39.98164
891905,8446,-83.037611,39.984954
900079,18444,-82.81901,39.96044
909371,24706,-82.908073,39.962267
909378,24707,-82.968069,39.973344
909380,24708,-82.961664,40.051939
910627,47031,-82.8701,39.98264
917963,22780,-82.869391,39.942858
917969,2400,-82.923253,39.946464
917976,24510,-82.970999,39.949822
922793,1610,-82.955902,39.957856
923014,20312,-82.865323,40.010142
923015,20313,-83.011587,40.018909
923016,20314,-83.041176,39.938696
923047,5852,-83.09647,39.94117
925091,10061,-83.019853,40.013305
927639,31359,-82.99662,39.981477
929867,25121,-83.132322,40.073262
929895,25122,-83.090373,40.100966
929980,25124,-82.99,40.09
929981,25125,-83.11485,39.95263
930081,25127,-82.882819,39.919449
936236,7950,-82.997642,39.952346
936296,31140,-82.987875,39.963478
937607,48324,-83.060507,39.946147
942905,50301,-82.930209,40.105261
944575,22790,-83.11518,39.95265
944593,1830,-82.915307,39.917053
956382,45802,-82.963203,39.966861
968779,31145,-83,39.97
968848,26636,-83.0206,40.067194
972411,4201,-82.9783,39.96515
975168,6695,-82.906554,39.947207
975169,6696,-82.906554,39.947207
977075,450,-82.814003,39.909407
977082,16530,-83.051302,39.974224
1013307,18465,-82.918996,39.904834
1013314,20910,-82.976492,39.997353
1013325,4230,-82.972661,39.965195
1013330,45110,-82.97,39.88
1013361,43931,-82.760566,39.8954
1013362,43932,-83.101159,40.308912
1013367,43933,-83.096166,40.5881
1013368,43934,-82.813767,39.8453
1013373,47270,-83.046376,40.019315
1018714,45803,-83.100705,39.94259
1023510,23185,-82.907659,39.986739
1023514,12785,-83.068158,40.064879
1023517,23186,-82.907974,39.986559
1023518,23187,-82.92107,40.01758
1023683,30718,-82.997587,40.005375
1025418,20830,-82.880215,40.078355
1026363,8728,-82.97714,39.99761
1026366,8729,-83.142585,39.964855
1026369,8731,-82.96524,40.062175
1026377,8733,-82.974016,40.07959
1026383,8734,-82.944595,40.124302
1026389,8735,-83.06644,40.068898
1026395,8736,-97.720227,38.171406
1026401,8737,-83.069053,39.954876
1026405,8738,-83.0118,39.97492
1026410,8739,-82.968031,40.000575
1027371,35580,-82.986685,39.987561
1027381,24580,-82.999025,39.962679
1030248,20727,-83.159627,40.106487
1030264,20728,-83.009363,39.984922
1030271,14501,-82.992332,39.959883
1033480,45715,-82.948566,39.987155
1033481,45716,-82.953683,39.968232
1047721,9611,-82.946902,39.942904
1057618,23552,-82.993587,39.926143
1062549,34420,-83.078229,39.896304
1062571,59860,-83.085402,39.900027
1062577,24680,-82.914465,39.980711
1062584,26560,-82.779896,39.89686
1067505,33638,-83.019923,39.992629
1067526,33640,-83.093773,39.955989
1071170,7802,-83.015354,40.0276
1071337,22777,-82.981001,39.974355
1071460,12496,-82.979559,39.935424
1072945,41401,-82.986835,39.926028
1075305,2951,-83.006461,39.986363
1075879,15507,-82.993055,39.966484
1075975,10801,-82.97112,39.952156
1075984,20911,-82.976492,39.997353
1075996,23561,-83.021888,39.95341
1076015,10701,-83.02,39.95
1076202,50351,-82.97226,39.96806
1077593,7370,-82.956021,39.909764
1077707,4410,-83.092251,39.925272
1078750,34550,-83.015929,39.94264
1080040,45717,-83.01077,39.960797
1085332,99984,-82.987184,39.963527
1087701,23127,-82.96399,39.90587
1097782,35860,-82.995239,39.929953
1098780,50092,-82.988092,39.924745
1102461,5155,-82.98047,39.95127
1102468,25630,-83.022956,39.954114
1102475,34330,-82.964963,40.022163
1102481,39640,-82.964598,40.02917
1102491,5180,-83.000623,40.087833
1102521,41360,-82.817412,40.019853
1105084,34905,-82.97,39.88
1108305,35880,-83.017444,39.940867
1112830,48327,-83.061491,39.94609
1115182,23128,-82.96399,39.90587
1115481,22778,-82.981001,39.974355
1120135,26227,-82.970915,39.934994
1120141,26228,-82.972127,39.957585
1120153,26229,-82.974868,40.002123
1120160,26230,-82.992437,39.911009
1120161,26231,-82.99655,39.96569
1120174,26232,-81.515313,39.746759
1120175,26233,-81.515313,39.746759
1120179,26234,-81.515313,39.746759
1120201,26235,-81.515313,39.746759
1120204,26236,-83.11485,39.95263
1120205,26237,-82.97417,39.95828
1127395,10802,-82.97112,39.952156
1127973,23564,-83.021888,39.95341
1128012,20912,-82.976492,39.997353
1128887,15508,-82.992576,39.965802
1138469,19200,-83.045669,39.982016
1138478,19201,-82.867253,40.05503
1138487,6450,-83.005697,40.10494
1152994,21704,-83.067153,39.955556
1152998,21705,-83.067153,39.955556
1153002,21706,-83.067153,39.955556
1153419,17801,107.15,-6.81
1164303,21300,-82.978378,40.051414
1164308,45260,-82.99229,39.92914
1169478,25820,-82.96507,39.9316
1186462,7383,-82.893847,40.097427
1190999,31090,-82.861004,40.00488
1197050,43906,-82.94,39.95
1205474,31207,-82.01939,39.98502
1205503,31478,-83.141051,40.034129
1205516,31493,-83.102982,40.108566
1209986,30236,-82.904037,39.916107
1210444,30237,-82.904037,39.916107
1211199,10070,-82.97139,39.96502
1223002,29128,-82.989301,39.955168
1241054,44980,-82.953517,39.950036
1241547,45718,-83.017004,39.947165
1246971,47201,-83.139081,40.176089
1282432,33878,-83.01,40
1283744,42315,-82.950502,40.003146
1283905,20820,-83.025435,39.939493
1300684,47240,-83.00029,39.961166
1300980,31180,-82.985078,39.965466
1315699,32021,-83.000556,39.967591
1325459,40110,-82.976729,39.968975
1369575,3456,-82.97503,39.9682
1371520,12860,-82.836298,39.894197
1371780,25730,-82.959856,39.948929
1371886,44360,-82.996109,39.954
1379822,40492,-83.064539,40.015568
1406522,28940,-77.58,39.75
1406646,16510,-80.114763,26.652152
1406698,36910,-86.075721,39.913414
1408268,43945,-82.05396,40.963513
1413860,1140,-74.00743,40.70774
1417227,32820,-77.041465,38.90052
1422132,28416,-82.947169,40.11473
1423122,28417,-82.946691,40.137668
1423161,29440,-82.992802,40.10037
1423368,18470,-81.500003,41.214085
1423392,44025,-77.012949,38.864134
1424622,35601,-80.765342,40.35882
1424637,35603,-82.931257,39.60513
1424640,35604,-82.92,40.05
1424884,7920,-82.295818,40.86511
1424886,7921,-84.32902,39.89296
1424954,41495,-82.956341,39.967665
1425064,1125,-82.482832,40.061531
1425519,29160,-81.464809,39.430756
1425544,105,-82.965047,39.966148
1425689,5125,-82.995404,39.964083
1428959,1130,-74.44,39.36
1428969,1120,-77.03647,38.90421
1429064,29110,-87.911526,42.077682
1429090,6705,-82.970258,39.963841
1429098,31165,-82.996683,39.952345
1429131,18380,-70.86267,42.78574
1429137,16540,-73.99283,40.737095
1430627,26245,-81.519866,39.747661
1431553,1123,-83.066763,40.296656
1432289,6710,-85.626479,42.911505
1433218,44040,-87.835273,42.33888
1433760,15746,-82.857962,40.551348
1433767,15747,-83.101976,40.589828
1433779,15749,-81.558005,40.027694
1433790,15753,-82.510737,40.375241
1433793,15754,-82.319,40.87511
1433930,34860,-85.709795,42.883057
1433990,29919,-83,39.97
1434071,35040,-85.752231,38.257464
1434111,33885,-82.364274,39.586375
1434114,43940,-73.964016,40.810939
1434637,35605,-82.016686,39.898091
1434888,45536,-82.952437,39.610627
1434907,15829,-82.311706,40.869012
1434938,15830,-82.104254,39.337604
1434946,15831,-81.040519,40.030046
1436564,15832,-83.070936,40.320976
1436572,15833,-81.586392,40.017763
1436576,15834,-82.007553,39.940772
1436580,15835,-80.998133,40.273075
1436588,15836,-80.610878,40.361328
1436592,15837,-82.437035,40.402127
1436595,15838,-82.394812,40.05909
1436602,15839,-83.108361,40.614865
1436608,15840,-81.852722,39.648885
1436612,15841,-82.80605,40.559917
1436619,15842,-81.513214,39.743379
1436622,15843,-82.208455,39.713796
1436630,15844,-82.952437,39.610627
1436644,15846,-81.47782,39.42909
1442405,13465,-74.202556,39.957145
1442508,29005,-84.604946,39.16936
1442820,230,-77.06684,38.91387
1443365,28951,-81.5739,41.4841
1443374,45101,-83.001933,39.886665
1443375,45102,-83.089804,39.961804
1443376,45103,-82.973956,39.97152
1443648,9993,-82.98,39.97
1444911,45719,-83.424594,39.547379
1444912,45720,-82.394676,39.550018
1452175,30160,-82.777239,39.912674
1452205,24040,-73.94006,40.80558
1452232,31260,-82.999628,40.049453
1453298,1160,-82.85303,40.001184
1453793,10620,-82.906637,39.946682
1454461,10063,-83.11656,39.89401
1457143,23720,-73.924772,42.003432
1458247,1401,-82.08824,39.333817
1458273,1402,-83.079355,40.577849
1458280,1403,-81.446022,40.489959
1458284,1404,-82.829658,40.548816
1458315,1405,-80.618738,40.360949
1458317,1406,-82.486255,40.396925
1458322,1407,-82.40267,40.05095
1458325,1408,-82.514329,40.759068
1458816,1409,-83.080124,40.333091
1460324,22770,-82.924943,39.929821
1461263,6616,-82.948035,40.137663
1461361,48016,-82.928027,39.609849
1461366,48017,-83.10046,39.85783
1461370,48018,-83.180935,40.042746
1461375,48019,-82.857095,40.048539
1461526,604,-82.981405,39.993556
1461866,41429,-83.081526,39.954404
1463328,20729,-83.16467,40.10138
1463330,20731,-82.99233,39.960669
1463331,20732,-102.416,32.9154
1463332,20733,-82.86566,40.03691
1463333,20734,-82.947993,40.099992
1466679,6617,-82.977385,39.952939
1470971,6618,-82.995533,39.933759
1472932,20735,-83.061856,40.052658
1475333,5220,-83.060507,39.946147
1484269,30190,-82.833255,39.912888
1484623,3361,-83.100235,39.929915
1488888,1475,-84.508724,39.105071
1488905,1476,-84.401367,39.515643
1488907,1478,-84.508724,39.105071
1488908,1479,-84.508724,39.105071
1488909,1480,-84.508724,39.105071
1490163,29006,-84.324162,39.079855
1492230,15760,-83.540961,38.794589
1492231,15761,-83.902781,38.859269
1492232,15762,-84.536236,39.393549
1492233,15763,-83.851919,39.443137
1492234,15764,-84.14,39.12
1492236,15766,-83.617987,39.227105
1494153,7375,-82.992527,39.967418
1496546,14401,-82.880298,39.954481
1497208,20736,-82.992864,39.959628
1497247,20737,-83.000736,39.961133
1497257,20738,-83.040985,40.059676
1499425,7376,-82.992527,39.967418
1518059,9201,-83.546358,38.795924
1518060,9202,-82.318099,40.869072
1518061,9203,-82.101808,39.32909
1518062,9204,-80.967356,40.07818
1518063,9205,-83.90107,38.875092
1518065,9207,-84.14459,39.08517
1518066,9208,-83.816945,39.419661
1518067,9209,-83.068182,40.302275
1518070,9212,-84.548506,39.119957
1518072,9214,-83.611512,39.203305
1518073,9215,-80.610878,40.361328
1518074,9216,-82.437035,40.402127
1518075,9217,-82.394812,40.05909
1518077,9219,-82.82756,40.548431
1518078,9220,-82.007377,39.940256
1518079,9221,-81.52349,39.74818
1518080,9222,-82.206158,39.691366
1518081,9223,-82.947021,39.601119
1518082,9224,-82.491041,40.758317
1518083,9225,-74.902809,39.91446
1518084,9226,-81.454519,39.415621
1518701,29580,-83.037614,39.950498
1521854,37978,-82.969454,40.031847
1522808,45721,-83.059322,39.880542
1522899,5011,-82.888003,39.858889
1522906,5012,-82.888003,39.858889
1524269,21065,-84.565732,39.279577
1525443,15847,-83.546358,38.795924
1525444,15848,-83.90107,38.875092
1525446,15850,-84.14459,39.08517
1525447,15851,-83.816945,39.419661
1525669,15853,-84.565732,39.279577
1525670,15854,-83.611512,39.203305
1525671,15855,-84.20016,39.42379
1526815,23180,-80.95,41.2
1527229,34127,-74.035772,40.739741
1527230,34128,-84.476289,39.169042
1527241,34129,-82.392923,39.535691
1527242,34130,-84.514943,39.328733
1530294,23181,-84.18723,39.09529
1530601,40675,-84.514943,39.328733
1530695,40120,-82.392923,39.535691
1530939,18385,-84.476289,39.169042
1531152,7330,-84.51147,39.129
1560033,39666,13.68139,4.575
1560034,39667,-84.562003,39.3974
1560035,39668,-84.51211,39.1076
1561412,7366,-84.264179,39.058868
1561534,34455,-84.478163,39.168996
1561689,36915,-84.353475,39.500952
1562036,13761,-82.990032,39.961177
1562863,10660,-83.852877,39.456448
1562910,45725,-84.19353,39.4414
1564004,4255,-83.895361,38.857257
1564010,7365,-84.214348,39.026352
1564067,27230,-84.520752,39.115295
1565539,31385,-82.76429,39.955854
1568710,10665,-79.725452,39.904565
1569617,376,-82.881713,40.031146
1571529,21061,-82.507857,40.762793
1571530,21062,-83.143531,40.582347
1571532,21064,-84.236626,39.184201
1571534,21067,-82.136971,39.375218
1584371,1172,-77.02007,38.896037
1584763,34880,-83.054758,40.156323
1585396,6410,-83.023383,39.970087
1585400,6420,-83.027132,40.024989
1590454,43290,-81.461253,39.426222
1590692,43291,-83.10539,40.04825
1595001,12770,-82.966321,40.020497
1596072,28226,-82.837673,39.974833
1599999,5806,-83.076952,39.955137
1600040,5807,-82.858953,39.955368
1600044,5808,-83.034856,40.036797
1610768,37990,-82.99811,39.95468
1614718,30240,-82.981543,40.160841
1626925,16601,-82.971988,39.949644
1627092,2320,-82.928549,40.019184
1627100,37935,-82.886676,39.942514
1640118,45402,-81.58492,40.01677
1643984,36990,-82.88974,39.97404
1646034,19630,-82.979004,40.086746
1647435,21101,-84.531054,40.877282
1650175,42390,-83.017788,40.06627
1659366,48021,-83.180935,40.042746
1668309,41456,-82.973989,39.967499
1672365,20899,-83.10818,39.89775
1688366,23080,-82.955694,40.028359
1688980,41410,-83.111628,39.935583
1692582,30,-83.117338,40.204659
1704531,38100,-82.989339,39.937341
1705680,40130,-83.047087,40.073801
1725121,29411,-83.019595,40.041378
1725253,35032,-82.978378,40.051414
1725365,35033,-82.569361,39.714308
1725537,46622,-82.92278,40.1098
1733573,2003,-82.890292,39.886596
1783385,140,-82.985078,39.965466
1803293,31360,-83.069781,40.300037
1803295,31362,-82.961753,40.030916
1803297,31364,-82.999278,39.996276
1803298,31365,-82.999278,39.996276
1808010,35327,-82.949514,39.993391
1816954,21068,-83.08636,40.291522
1827261,21069,-84.518181,39.103835
1827262,21070,-84.457402,39.227483
1832576,13505,-95.45192,29.75374
1837114,386,-82.979839,39.968241
1848375,41620,-82.99146,39.9806
1849752,10064,-83.291668,40.054774
1850282,19801,-82.914671,40.05061
1858927,35330,-82.98377,39.960491
1859268,25660,-82.877956,40.021316
1861874,34840,-82.952551,40.092901
1862244,12352,6.1014,52.11
1862249,8666,-82.929342,39.984187
1867303,35990,-82.793319,39.951056
1868508,25515,-83.016724,40.095646
1869752,8928,-82.885925,40.112629
1873115,21660,-82.98482,39.956671
1873514,6780,-82.820101,39.954117
1873579,13204,-82.950506,39.975706
1873718,48107,-82.969052,39.965495
1873783,15881,-82.973947,39.974861
1874571,30130,-82.811018,40.084577
1880840,33641,-82.863996,40.042067
1880844,33645,-83.018267,39.994598
1889084,21805,-83.161642,40.027133
1892136,31726,-83.084212,39.947093
1898898,2321,-82.928549,40.019184
1902243,33646,-82.99613,39.933369
1902244,33647,-83.005024,39.983494
1906306,30181,-82.90177,39.928402
1917817,34190,-82.944341,40.035
1924699,47210,-82.989073,39.891784
1972279,42220,-83.002291,39.960302
1972282,46420,-83.075316,39.953495
1972288,14420,-82.986343,39.956067
1972304,39551,-82.995404,39.964083
1978962,20897,-83.074448,39.881684
2012108,45353,-82.952305,40.06483
2017239,26590,-83.057919,39.928131
2028923,10302,-82.825471,39.872106
2028924,10303,-83.069517,40.305405
2045015,47255,-77.042046,38.900689
2045018,47256,-83.062432,39.896244
2058796,36800,-82.830203,39.944279
2071762,20865,-82.968554,39.976195
2104213,38701,-82.989339,39.937341
2104214,38702,-82.989339,39.937341
2115108,38350,-83.066849,39.944855
2123776,37981,-83.00554,39.98433
2123781,5221,-83.060507,39.946147
2133981,21755,-82.937814,39.944006
2153893,29901,-82.997947,40.002913
2157690,360,-83.069958,39.941698
2159848,10590,-83,39.97
2171725,8550,-82.928549,40.019184
2171743,361,-83.069958,39.941698
2175946,31340,-83.006266,40.044892
2176839,47100,-82.906654,39.936854
2177939,21301,-82.978378,40.051414
2211462,44445,-83.016165,39.995658
2214098,31411,-82.999278,39.996276
2217104,41330,-82.973989,39.967499
2232793,38703,-82.989339,39.937341
2247876,11701,-82.999046,39.960147
2249223,5124,-83.090492,39.953749
2257705,21554,-83.067153,39.955556
2258709,38351,-83.067001,39.944825
2259314,12861,-82.836298,39.894197
2260936,33629,-82.912512,40.053019
2260938,50001,-82.96089,39.96687
2264681,5021,-82.969606,39.978339
2266682,8931,-82.99,39.95
2268575,18446,-82.81901,39.96044
2269317,13851,-83.134133,40.104566
2272104,40851,-83.00126,40.01127
2272110,40852,-83.005194,40.00302
2282370,31280,-82.997841,39.956147
2283112,32330,-83.002677,39.961726
2287316,50030,-82.966315,39.963708
2287553,21575,-82.994463,39.896563
2301356,26561,-82.954226,39.956327
2309984,9921,-82.842382,39.928809
2312345,20642,-83.02076,40.04619
2314323,9922,-83.03233,39.958686
2314527,9924,-82.986835,39.926028
2314583,9919,-82.964193,39.96602
2315366,47801,-83.048801,40.063187
2316262,290,-83.05,40.05
2331373,31391,-83.093917,39.942974
2336720,5787,-83.042551,40.053795
2336742,5788,-82.869375,39.959755
2336750,5789,-83.030385,40.034851
2341354,35660,-83.143058,39.91767
2341696,23020,-83.100705,39.94259
2343650,36410,-82.999743,39.963618
2343897,39775,-82.999937,39.994151
2344501,35360,-83.051613,40.068076
2382341,46330,-83.094714,40.145015
2390014,45250,-82.897186,40.013657
2391733,18330,-82.930895,40.058846
2402284,42500,-82.999743,39.963618
2411777,20893,-83.074448,39.881684
2423090,23129,-82.963307,39.905412
2423282,20892,-83.074427,39.881749
2430735,18520,-82.980499,39.967197
2446263,18260,-82.988328,40.061875
2471457,5079,-82.93456,39.94353
2483316,951,-83.036417,40.239728
2483336,31327,-83,39.97
2483357,34552,-82.949408,40.097802
2494537,16070,-82.997395,39.943768
2494559,20,-83.038869,40.099946
2494589,15,-83.015719,40.109234
2494591,27,-82.958976,40.060915
2494599,240,-83.133801,39.952327
2494601,270,-82.995203,39.932879
2494603,280,-82.977734,39.970953
2494605,370,-82.996109,39.954
2494607,397,126.6,37.69
2494609,1605,-83.11123,39.978361
2494611,1623,-82.922211,39.971287
2494613,2095,-83.021617,40.044172
2494615,2110,-83.167044,40.132757
2494617,2955,-82.926558,39.957099
2504199,2910,-84.605821,39.023424
2504201,3667,-83.01751,39.955719
2504203,3780,-82.907455,39.972498
2504205,4260,-82.93696,40.081238
2504209,4420,-122.29849,47.575524
2504211,4530,-83,39.97
2504221,5055,-83.05,40.05
2504227,5093,-82.615414,39.729911
2504257,5310,-83.05523,40.02477
2504258,5311,-83.064539,40.015568
2504260,5255,-82.998321,39.960035
2504264,5210,-82.997966,39.949698
2504266,5795,-82.697888,27.902118
2513233,6740,-82.948773,39.992409
2514917,5190,-82.893271,39.973784
2514919,5510,-83.019659,40.044565
2514921,5520,-83.113532,39.943662
2514923,8655,-82.996955,39.98693
2514925,8510,-83.003385,40.09617
2514927,10080,-83.015,40.13658
2514929,10095,-83.01735,40.09483
2514930,10096,-83.0759,39.954239
2514932,10115,-82.995705,39.885865
2514934,10130,-82.98597,39.96852
2514936,10705,-83.01563,40.098676
2514937,10706,-82.977091,40.066981
2514939,10708,-83.081138,39.954405
2514945,11705,-82.991183,40.139211
2514947,12335,-83.011765,40.01543
2514949,12505,-82.830124,39.980251
2514951,12790,-82.987946,39.955807
2514952,12791,-82.831408,39.985453
2514953,12792,-83.031302,40.038423
2514955,12830,-82.86267,40.06825
2514957,12930,-83.058453,40.024924
2514959,12935,-83.01,40
2514961,12955,-83.025088,39.986448
2514967,13740,-83.01539,40.029076
2514971,13805,-83.139056,40.107298
2514975,14425,-82.973078,39.971917
2514979,15510,-82.619002,39.707038
2514983,15509,-82.576895,39.716324
2514990,15770,-82.906365,39.841626
2514992,16515,-82.78942,39.939744
2514996,16550,-82.941112,40.082013
2514998,17805,107.15,-6.81
2515000,17935,-83.040939,39.956588
2515004,18670,-82.864856,40.013707
2515025,20365,-83.04437,39.976487
2515031,20810,-82.99233,39.960669
2515033,20880,-83.161915,40.027447
2515039,21071,-82.911048,40.13029
2526399,21120,-73.99992,40.757843
2526401,21110,-93.40074,44.881808
2526411,22765,-82.785101,39.961467
2526413,23075,-82.921152,40.017637
2526415,23085,-82.921152,40.017637
2526417,23135,-82.934969,40.107152
2526445,24595,-82.9826,39.94456
2526447,24685,-82.950693,39.957266
2526448,24686,-82.975177,40.082158
2526449,24687,-82.963211,39.923651
2526451,24655,-83.080839,39.881151
2526457,25150,-82.99747,39.958945
2526469,25985,-83.033923,39.958037
2526471,26405,-82.964783,40.020056
2526473,26535,-82.91557,39.95294
2526475,26555,-82.947752,39.918248
2526477,26570,-83.187673,40.114779
2526479,26605,-83.012365,39.955549
2526489,27510,-74.44,39.36
2526503,28460,-82.880291,39.927137
2526505,28810,-83.030057,39.974075
2526507,28820,-82.8185,40.101213
2526519,28480,-82.837712,39.978275
2526521,28490,-83.049981,39.974478
2526537,31199,-83.00083,39.96189
2526550,31448,-83.033957,40.030521
2526552,34045,-83.029245,39.99864
2526554,33590,-83.01,40
2526560,33652,-82.99613,39.933369
2529438,41690,-82.98447,39.95563
2535081,15856,-82.945021,40.125323
2535086,15857,-82.97,40.14
2535099,15858,-82.86583,40.01301
2535104,15859,-83.182239,39.856877
2535123,15860,-81.040519,40.030046
2535759,33710,-83.01,40
2535763,33860,-83.04,40
2535785,34845,-82.750035,39.878927
2535790,34967,-83.12664,39.953614
2535792,35050,-82.964193,39.96602
2535805,35710,-82.944668,39.935303
2535807,35895,-82.783851,39.968521
2535811,36170,-82.804703,39.951994
2535817,36540,-83.015929,39.94264
2535825,39685,-81.685987,41.498421
2535827,39710,-82.973544,39.973892
2535839,40145,-84.239159,39.656183
2535841,40170,-83.041396,40.126505
2535849,40190,-83.072188,40.0563
2535851,40195,-82.533715,39.993438
2535857,41635,107.15,-6.81
2535883,42180,-82.947169,40.11473
2535885,41680,-83.146283,40.226582
2535891,42215,-83.085402,39.900027
2535899,42675,-82.965037,39.904388
2535905,44810,-83.064539,40.015568
2535907,35345,-83.001248,39.96668
2535917,45310,-82.962875,39.978598
2535919,45315,-83.024452,39.38953
2535923,45330,-83.003527,39.972462
2535927,45360,-83.009363,39.984922
2535929,45365,-83.006633,39.990762
2535935,45730,-84.240537,39.65402
2535937,45810,-82.87,39.94
2535941,45830,-83.034148,40.132597
2535943,46565,-83.0206,40.067194
2542667,42350,-82.905533,39.95253
2547247,46675,-82.943104,40.125652
2547251,46920,-83.02,39.95
2547253,46930,-81.371284,41.667634
2547261,47035,-82.867476,39.964204
2547263,47050,-82.887974,39.944988
2547279,47700,-83.01867,40.0901
2547281,48120,-82.936619,39.94489
2554778,26576,-83.002447,39.963555
2568376,23755,-83.042104,39.997817
2570565,501,-83.058555,39.946024
2570566,502,-83.111628,39.935583
2570567,503,-82.941677,39.929833
2570568,504,-83.000517,39.962593
2581276,28418,-82.837712,39.978275
2599681,5082,-82.9544,40.027629
2609196,44447,-83.016058,39.99502
2612821,1556,-82.659923,40.025282
2615438,15620,-82.619002,39.707038
2634166,25710,-82.923588,39.985593
2636969,6731,-82.960325,40.018632
2637503,24585,-82.877877,39.946919
2643109,11960,-82.98482,39.956671
2647099,26290,-82.910117,39.86741
2658012,34120,-83.065615,39.954569
2658841,21620,-82.896128,40.147326
2660021,20770,-82.957479,39.911115
2666252,106,-76.967164,39.06114
2671562,13205,-84.501641,39.131888
2685845,41403,-82.986835,39.926028
2693247,1540,-77.6,39.17
2693251,5170,-83.139887,39.982221
2704798,45780,-83.1617,40.129579
2704800,35420,-80.846631,40.066603
2704816,35034,-82.950289,40.0925
2704836,26804,-82.999215,39.95369
2717503,36177,-82.777587,39.889027
2730399,47802,-83.034187,39.958993
2740636,41508,-83.069311,39.955465
2740637,41509,-83,39.97
2749885,8509,-82.937445,39.926147
2749899,8512,-82.97102,39.976342
2749910,8511,-82.977608,39.96562
2752116,1008,-82.973868,39.960317
2774286,45251,-82.897186,40.013657
2777427,4252,-82.92566,39.94707
2777983,31511,-82.96089,39.96687
2804678,45804,-82.971685,39.951775
2811943,9918,-82.900188,39.945079
2813162,10405,-82.999358,39.953886
2814916,6685,-82.831449,39.957435
2839812,29804,-82.975047,39.97449
2841104,45805,-82.96318,39.96698
2852751,38352,-83.067001,39.944825
2861259,20006,-82.997467,39.988211
2862617,23780,-82.98507,39.965351
2863598,11920,-83.058809,40.06323
2864214,18421,-82.999981,39.987851
2865689,21090,-82.984888,39.989388
2880403,29902,-82.997947,40.002913
2897854,28420,-82.79298,40.08702
2907277,5222,-82.892476,40.082107
2916020,39671,-82.9734,39.958066
2916046,39672,-82.9734,39.958066
2949946,13754,-83.004898,39.988012
2968152,7990,-82.87433,40.079022
2984610,25020,-83.01431,39.99017
2986909,30526,-83.00483,39.9857
3016310,4460,-82.95455,39.957869
3017245,4461,-82.95455,39.957869
3050999,45290,-82.961709,39.957286
3076791,34080,-83.000627,40.062611
3102299,38956,-82.98273,39.945416
3134078,6515,-82.970882,39.965367
3157678,38957,-82.98273,39.945416
3197896,35035,-82.950289,40.0925
3197897,35036,-83.133801,39.952327
3216941,24709,-82.954424,40.050987
3249037,45740,-82.978794,40.0869
3251460,20740,-82.989377,39.95984
3262656,9994,-82.987873,40.131374
3262676,21756,-82.941527,39.951862
3263304,4653,-82.959755,40.060898
3270764,34115,-83.103544,39.943432
3271276,34116,-82.962358,40.040082
3271277,34117,-83.038652,39.944143
3271278,34118,-82.940309,39.938841
3271279,34119,-83.002476,39.882918
3271280,34121,-83.083417,39.891549
3271281,34122,-82.87677,39.977202
3271282,34123,-82.949027,40.087531
3271283,34124,-83.42358,39.548
3292167,40111,-82.976774,39.968319
3298663,45600,-83.156286,40.076015
3306560,8344,-82.968031,40.000575
3310196,20315,-82.8627,40.042447
3332476,33901,-83.001973,39.992424
3332496,5131,-82.91988,39.946646
3334450,36780,-82.98,39.96
3334556,12831,-83.040939,39.956588
3344854,13801,-83.116019,40.09906
3345048,12801,-82.808548,39.841718
3345519,19802,-82.991928,39.944557
3350688,5302,-82.968534,39.95799
3367984,39673,-73.118949,41.213371
3369137,31600,-83.002277,39.962335
3369142,29420,-83.066553,40.04776
3369156,5791,-83.162454,40.024401
3369157,5792,-83.083197,40.094641
3371678,10720,-82.97645,39.965233
3371697,31465,-83.002277,39.962335
3371704,18360,-83.025307,39.959341
3371706,34340,-82.99,40.09
3371718,41415,-82.959755,40.060898
3382065,39674,-82.9734,39.958066
3395540,15105,-82.613605,40.285729
3395542,20900,-83.069841,40.051934
3395544,11710,-83.002277,39.962335
3395547,45345,-82.876601,39.982125
3404740,7903,-82.976668,39.964756
3408708,6619,-83.05809,39.87728
3408709,6620,-83.122899,40.570482
3408710,6621,-83.76867,39.91749
3408711,6622,-82.962285,40.061017
3408712,6623,-83.15,39.98
3408739,21670,-82.999163,40.06625
3410285,19880,-82.883623,39.851294
3424407,34125,-83.064996,39.956145
3428713,6688,-82.980024,39.970346
3428731,5022,-82.969606,39.978339
3428759,23566,-83.021888,39.95341
3428807,45601,-83.156286,40.076015
3428808,45602,-83.156286,40.076015
3440835,39677,-82.9734,39.958066
3444317,39101,-82.968031,40.000575
3444318,39102,-82.968031,40.000575
3447373,26805,-82.941677,39.929833
3451769,39103,-82.968031,40.000575
3454266,39678,-82.996368,40.119469
3455610,21729,-82.971499,40.087934
3459636,45410,-82.949408,40.097802
3460037,13620,-83.015929,39.94264
3460067,34165,-76.477127,37.084882
3460084,34055,-82.619002,39.707038
3460095,60,-82.80604,40.08179
3463822,15015,-76.78,39.43
3464116,45306,-83.032617,39.958026
3467122,23567,-83.021888,39.95341
3467464,15076,-83.011249,39.975885
3467479,45760,-82.769469,39.94535
3467499,42320,-82.533715,39.993438
3474952,8513,-82.98077,40.01286
3477508,7991,-82.874069,40.078328
3478247,29903,-82.997947,40.002913
3478837,90000,-82.93696,40.081238
3478857,90001,-82.985045,39.960752
3478859,90002,-83.018762,40.1291
3478861,90003,-82.933834,39.996623
3478863,90004,-83.153305,40.094357
3478865,90005,-82.925373,39.957083
3478867,90006,-82.996987,39.94153
3478871,90008,-83.084033,39.954325
3478873,90009,-82.791735,39.945251
3478875,90010,-83.069841,40.051934
3478877,90011,-82.94253,40.10946
3478879,90012,-83.004602,39.969667
3478883,90014,-83.05616,40.02556
3478885,90015,-82.999808,39.968841
3478897,90016,-82.928802,39.956683
3478901,90018,-82.999809,39.947181
3478903,90019,-82.907455,39.972498
3478905,90020,-83.045719,40.062988
3478909,90022,-82.986252,39.95779
3478911,90023,-82.888384,39.974995
3478939,90026,-82.960456,39.981836
3478941,90029,-83.011765,40.01543
3478943,90030,-82.830124,39.980251
3478957,90031,-83.058453,40.024924
3478968,90042,-82.89612,39.930546
3478970,90043,-82.9953,40.06995
3479005,90050,-82.898406,39.847894
3479019,90053,-83.055394,39.835285
3479026,90055,-82.958976,40.060915
3479084,90039,-83.069224,40.01417
3481816,17526,-82.987809,39.990035
3492451,362,-83.069958,39.941698
3493402,26243,-82.970915,39.934994
3493426,26244,-83.090571,39.955951
3496365,20330,-82.795979,39.986352
3499135,7992,-82.87433,40.079022
3525388,11119,-82.992527,39.967418
3527374,11120,-82.992527,39.967418
3538353,20316,-83.136584,40.017947
3544079,90065,-82.792185,39.945276
3544217,90080,-82.957311,39.973555
3544221,90090,-82.785101,39.961467
3544223,90095,-82.95803,39.9598
3544233,90120,-83.10054,39.971452
3544235,90125,-83.041766,39.993974
3544237,90130,-82.99361,40.09452
3544239,90135,-82.980426,40.086743
3544243,90140,-82.9874,39.958015
3544245,90145,-83.000627,40.062611
3544249,90155,-82.911534,39.972508
3544251,90160,-82.875579,39.979217
3544255,90170,-82.84978,39.94445
3544257,90175,-82.88495,40.137593
3544261,90185,-82.907942,39.987022
3544263,90190,-83.102958,40.062518
3544265,90195,-83.091139,40.01889
3544267,90200,-83.018491,40.10318
3544269,90205,-82.869702,39.955601
3544273,90215,-82.87579,39.9794
3544277,90225,-82.990494,39.952332
3544281,90235,-83.000634,40.062178
3544283,90240,-82.962816,40.085918
3544287,90250,-82.880098,39.931777
3544294,90265,-82.953617,40.057532
3546502,90300,-82.883844,39.926288
3546506,90305,-82.97465,39.965476
3546517,90310,-83.039959,40.019597
3546538,90325,-82.954354,39.948588
3546546,90350,-82.967114,40.086316
3546554,90370,-82.951185,40.079293
3549551,8820,-82.99,39.95
3550698,31366,-82.999981,39.987851
3550701,31367,-82.96721,39.95818
3550716,31368,-82.964749,39.963442
3557171,31230,-83.001078,39.963406
3557341,31086,-83.001078,39.963406
3567223,18401,-82.974524,39.957381
3574558,20317,-82.795476,39.956108
3581751,46503,-83.002298,39.984022
3606097,24301,-82.983896,39.958092
3615857,16620,-83.940593,39.686657
3615990,16621,-83.939758,39.686328
3617076,88,-85.219868,42.319864
3624585,18706,-82.793319,39.951056
3642474,1155,-82.938356,40.081398
3643457,47900,-83.034187,39.958993
3652217,13930,-82.859349,40.004341
3652219,31135,-82.986757,40.101773
3652221,10145,-83.020114,40.056254
3652256,5260,-82.979886,40.048941
3652257,31235,-83.021081,40.045618
3656661,33902,-82.963782,39.957278
3656662,33903,-83.00005,39.99418
3665377,41760,-82.876308,40.030771
3671281,30460,-82.92735,40.072843
3674600,31438,-82.979167,40.087101
3675808,38704,-82.989339,39.937341
3689825,90400,-83.063528,39.979591
3690329,90409,-83.036417,40.239728
3691717,90425,-82.999475,40.048537
3698918,43250,-82.948074,40.099177
3700017,26510,-83.010369,40.11945
3711098,41710,-82.999278,39.996276
3712768,26610,-82.992527,39.967418
3727220,10116,-82.893271,39.973784
3727262,10117,-82.960456,39.981836
3727282,10118,-83.025088,39.986448
3727296,10119,-82.989377,39.95984
3727303,10120,-82.944668,39.935303
3727316,10121,-83.01,40
3727322,10122,-82.978149,40.06175
3727330,10123,-82.968982,39.397353
3727340,10124,-82.944153,40.115019
3731789,10047,-77.229249,40.202958
3735352,13705,-82.9409,39.99083
3735355,16505,-83.008162,40.134555
3735356,43365,-82.981001,39.974355
3749760,141,-82.985078,39.965466
3767516,10071,-83.004957,39.966004
3772526,28803,-82.979302,39.95251
3788023,27710,-83.018762,40.1291
3813144,44060,-76.763985,39.317948
3815900,41431,-82.981082,39.960854
3817825,50565,-81.457638,41.655302
3820665,44448,-83.020023,39.995559
3825621,45806,-83.068247,40.289306
3826797,31386,-83.000627,39.960286
3838922,7993,-82.87433,40.079022
3838961,7994,-82.87433,40.079022
3839102,7995,-82.87433,40.079022
3852613,47742,-82.980052,40.123069
3857506,50570,-82.959874,39.951095
3864756,50560,-83.021236,40.050512
3874386,20318,-83.092169,40.102415
3900804,50595,-82.973967,39.972566
3922478,20742,-83.033957,40.030521
3925045,50640,-82.96421,39.94819
3928818,50645,-82.96944,39.956341
3930246,50650,-83.03683,40.06453
3930415,21302,-82.978378,40.051414
3930447,30182,-82.90177,39.928402
3935333,50655,-82.896128,40.147326
3941674,1141,-81.650035,41.415682
3955751,50675,-83.808208,39.897889
3965497,50680,-82.92207,40.11192
3968688,6679,-82.98047,39.95127
3974924,50660,-82.972188,40.005285
4004375,5809,-82.869002,39.956168
4008314,50690,-82.975702,39.964876
4017200,39681,-82.9734,39.958066
4026080,50695,-83.065813,39.866894
4035889,50700,-82.98273,39.945416
4040775,30461,-82.92735,40.072843
4053123,50691,-82.90987,39.95615
4057619,3362,-83.100235,39.929915
4065025,26246,-81.515313,39.746759
4065030,26247,-82.970915,39.934994
4065032,26248,-83.090571,39.955951
4065036,26249,-81.515313,39.746759
4071112,6741,-82.948773,39.992409
4071146,6742,-82.948773,39.992409
4073280,8345,-83.092632,39.876345
4075143,50720,-82.995848,39.963122
4077146,30191,-82.833255,39.912888
4077178,30192,-82.833255,39.912888
4079455,7326,-82.956517,39.905397
4083726,25988,-83.027655,39.951476
4089339,50027,-82.907903,39.918784
4093593,30501,-82.953168,40.062708
4102606,30238,-82.904037,39.916107
4102666,20239,-82.904037,39.916107
4110766,21303,-82.978378,40.051414
4124022,50725,-83.038353,39.983364
4132491,50730,-83.103057,39.881536
4132654,50731,-83.103057,39.881536
4140885,10702,-83.016635,39.946428
4142646,39552,-83.05814,39.95384
4147962,50735,-82.966315,39.963708
4149428,50740,-82.95221,39.947556
4154919,29904,-82.997947,40.002913
4171451,50028,-82.907903,39.918784
4171657,8346,-83.001933,39.886665
4174973,8514,-82.99456,39.954854
4175357,30462,-82.92735,40.072843
4180604,20319,-83.090818,40.026464
4193260,50750,-82.962816,40.085918
4200777,18423,-83.006126,40.001514
4201130,41404,-82.986835,39.926028
4201652,11121,-82.992527,39.967418
4202750,1009,-82.98504,39.95953
4202982,1010,-82.999941,39.965217
4206720,19601,-83.049029,39.972344
4206721,19602,-83.049029,39.972344
4212219,29905,-82.997947,40.002913
4222291,29805,-82.973967,39.972566
4232067,26250,-82.682,38.53689
4270285,28421,-83.021375,39.957363
4270358,28422,-83.119393,40.037324
4270470,28423,-83.020729,39.955815
4271060,50770,-83.000634,40.062178
4274427,28424,-83.085411,39.841824
4280640,28425,-83.16909,40.03167
4280713,28426,-83.112055,39.933118
4283378,28427,-82.844542,39.977114
4283411,28428,-83.021375,39.957363
4283412,28429,-82.945589,40.115084
4283586,28430,-82.845418,39.977075
4284659,50302,-82.930209,40.105261
4287590,47901,-82.997631,40.002621
4287825,28431,-82.925723,40.002753
4292687,50775,-82.997631,40.002621
4305766,4504,-83.076528,39.954247
4318736,28432,-82.846278,39.978001
4320220,5303,-82.968534,39.95799
4324111,5132,-82.007867,39.941264
4340425,50780,-82.981081,39.964214
4346539,28434,-82.982655,39.944379
4346540,28435,-82.907903,39.918784
4360827,50785,-83.0827,40.159641
4375509,1173,-82.8561,39.95493
4377671,26251,-82.25206,38.84303
4377672,26252,-82.200713,38.811082
4380362,50786,-83.079885,40.056081
4381566,50788,-82.985966,39.958794
4398741,39104,-82.968031,40.000575
4407798,50790,-83.051494,40.108921
4416180,50789,-82.99541,39.95068
4437200,50795,-82.96277,40.033888
4438681,34801,-83.010517,39.935619
4439579,50796,-82.989304,39.966088
4448523,50799,-90.0331,32.744
4452318,50800,-83.140072,39.932167
4452492,50801,-83.099383,39.942732
4493712,5133,-83.090492,39.953749
4510805,50802,-82.901655,39.956836
4548033,50807,-83.018864,40.097793
4549059,50808,-83.00602,40.08839
4557839,26253,-83.090571,39.955951
4565647,50811,-82.95533,39.96468
4566602,50812,-82.975047,39.97449
4589525,50815,-83.069782,40.29937
4594164,50820,-83.160782,40.097797
4606153,32591,-83.04,40
4640902,50825,-83.142512,40.103902
4642261,50830,-82.97379,39.95568
4666896,8347,-82.966277,39.905474
4672805,50840,-83.156341,40.039553
4682089,7803,-83.015354,40.0276
4692533,50845,-83.095903,40.106909
4697812,50850,-83.071491,40.300053
4699942,50855,-73.982395,40.744343
4715530,50856,-82.875599,39.957317
4721749,37979,-82.970004,40.031842
4765107,10048,-83.09,39.93
4781943,50865,-83.04423,40.024001
4793863,50870,-82.968669,39.972623
4809414,27002,-82.96336,40.03523
4840364,26254,-82.130922,39.043338
4851545,26255,-82.682,38.53689
4851770,50875,-82.948233,39.988987
4856183,9917,-82.905484,39.947663
4859117,50880,-82.881818,40.078077
4873141,50885,-83.084345,40.093826
4879233,47803,-82.680272,40.14924
4879240,47804,-82.913416,39.91474
4887419,9916,-83.000315,39.994589
4898517,9771,-82.89055,40.01696
4903420,50895,-82.447507,40.09857
4909188,10202,-83.11999,40.156143
4910385,156,-83.149076,40.101798
4912106,18663,-82.87938,40.020491
4944814,45781,-83.1617,40.129579
4949707,50900,-82.793388,39.945583
4951620,2004,-83.026731,39.984325
4977727,50905,-83.00969,40.00719
4981188,26256,24.10694,56.9475
5004460,7804,-83.014888,40.030176
5007485,8515,-82.980001,40.006278
5016196,26502,-82.95367,39.96818
5027267,50910,-82.961821,39.922125
5051162,20320,-82.931873,39.956806
5051168,20321,-83.0906,40.02664
5051180,20322,-82.8627,40.042447
5067473,50915,-82.993454,39.952963
5074957,50920,-82.906637,39.946682
5083665,50925,-82.758818,39.956019
5083802,50926,-82.758818,39.956019
5084841,31387,-82.822314,39.927574
5103602,44450,-82.965099,39.971442
5103722,44451,-83.03336,40.00021
5104944,44452,-83.016966,39.995599
5105092,44453,-83.096772,40.097235
5105187,44454,-82.863996,40.042067
5105322,44455,-83.03336,40.00021
5109678,44456,-83.01,40
5111622,44457,-83.03336,40.00021
5112404,44459,-83.164361,40.106344
5112413,44458,-83.023162,39.978479
5115346,44460,-83.023162,39.978479
5127644,50940,-82.967146,40.06117
5142937,50950,-82.948074,40.099177
5143401,5134,-83.089682,39.963376
5143753,50960,-82.991929,40.093145
5144676,50955,-83.06659,39.954995
5176385,50965,-82.943016,40.103165
5185044,50797,-83.02272,40.089843
5215370,50102,-83.068774,39.96226
5216088,20323,-82.822626,39.983207
5216370,20324,-83.0536,39.988983
5223263,50860,-83.01229,40.15401
5223290,50861,-82.764712,40.531874
5225068,50970,-83.066553,40.04776
5225381,50976,-82.969164,39.947334
5230271,50980,-82.937338,40.108668
5231778,50985,-82.883623,39.851294
5232636,50990,-83.07495,39.943323
5250486,50995,-82.991952,39.961248
5251089,60025,-83.09034,39.837976
5251166,6624,-82.878243,39.920508
5251168,6625,-82.783976,39.849723
5251175,6626,-83.143805,40.103404
5251192,627,-82.6834,38.53295
5251201,628,-82.540554,40.759148
5251215,6629,-82.93559,40.10966
5251227,6630,-81.427231,40.851687
5251230,6631,-82.560202,40.760527
5251232,6632,-82.021874,39.979573
5251351,6627,-82.6834,38.53295
5251355,6628,-82.540554,40.759148
5253465,6634,-83.076144,39.954237
5330405,27435,-82.89398,39.95628
5339419,60026,-82.966315,39.963708
5355556,20759,-83.01103,39.95197
5362937,9995,-83.009757,39.965203
5388955,60027,-82.949869,39.997368
5403393,26260,-82.970915,39.934994
5457036,50201,-83.045764,39.955492
5457109,5201,-82.889723,40.09989
5477546,38705,-82.989339,39.937341
5510931,34158,-82.995816,39.913893
5590932,90231,-82.856217,39.926263
5729040,26261,-83.117684,40.024814
5729041,26262,-83.090571,39.955951
5750621,99250,-82.944178,39.985969
5790220,26263,-82.622377,39.276586
5790243,26264,-82.622377,39.276586
5863878,99350,-83.17,40.06
5889674,90909,-83.04,40.06
5913237,6682,-82.952677,40.088113
5913535,38050,-82.961066,39.969027
5916533,1611,-82.955902,39.957856
5956804,19401,-82.947092,39.99244
5956844,1612,-82.955902,39.957856
6009972,34131,-83.050357,39.882768
6010119,34132,-83.050357,39.882768
6010120,34133,-83.050357,39.882768
6010121,34134,-83.050357,39.882768
6010122,34135,-83.050357,39.882768
6087225,35861,-82.995239,39.929953
6132519,39676,-83.059132,39.939699
6229505,34136,-83.050357,39.882768
6229506,34137,-83.050357,39.882768
6229507,34138,-83.050357,39.882768
6229508,34139,-83.050357,39.882768
6229509,34140,-83.050357,39.882768
6229510,34141,-83.050357,39.882768
6229511,34142,-83.050357,39.882768
6295563,25701,-82.910749,40.03479
6392043,28582,-81.861085,39.64851
6396703,25325,-82.994463,39.896563
6396818,98989,-82.979809,39.983114
6454624,8585,-83.090571,39.955951
6454694,57575,-83.090571,39.955951
6505051,50303,-82.926131,40.129608
6507942,99251,-82.944178,39.985969
6703569,34324,-83.050357,39.882768
6703664,34481,-83.050357,39.882768
6703702,34487,-83.050357,39.882768
6703757,34489,-83.050357,39.882768
6714111,34490,-83.050357,39.882768
6725662,2322,-82.928549,40.019184
6733812,5555,-83.089682,39.963376
6751755,40656,-83.02,39.95
6757476,12862,-82.836298,39.894197
6757477,12863,-82.836298,39.894197
6757478,12864,-82.836298,39.894197
6757481,12865,-82.836298,39.894197
6757482,12866,-82.836298,39.894197
6783842,30233,-82.961978,40.02777
6793631,34491,-83.050357,39.882768
6793680,34492,-83.050357,39.882768
6806082,16402,-83.160064,39.935862
6815216,5136,-83.089682,39.963376
6821978,21576,-82.994463,39.896563
6839092,21577,-82.994463,39.896563
6839359,16501,-82.975722,40.071057
6855010,50103,-83.017635,39.959026
6888343,50304,-82.926131,40.129608
6914083,40777,-90.0331,32.744
7184709,34493,-83.050357,39.882768
7184761,34494,-83.050357,39.882768
7185197,34495,-83.050357,39.882768
7185200,34496,-83.050357,39.882768
7185206,34497,-83.050357,39.882768
7185215,34498,-83.050357,39.882768
7200946,37903,-82.97112,39.952156
7215508,50093,-82.988092,39.924745
7215514,50094,-82.988092,39.924745
